sequence_id,frame_num,d_hand,bend_angle,dwell_time,conceal_flag,velocity,exit_flag,is_theft,theft_style
0,0,1.0,0.5,0.3333333333333333,0.0,0.0,0.0,0,Normal
0,1,1.0,0.5,0.3333333333333333,0.0,0.0,0.0,0,Normal
0,2,1.0,0.5,0.3333333333333333,0.0,0.0,0.0,0,Normal
0,3,1.0,0.5,0.3333333333333333,0.0,0.0,0.0,0,Normal
0,4,1.0,0.5,0.3333333333333333,0.0,0.0,0.0,0,Normal
0,5,1.0,0.5,0.3333333333333333,0.0,0.0,0.0,0,Normal
0,6,1.0,0.5,0.3333333333333333,0.0,0.0,0.0,0,Normal
0,7,1.0,0.5,0.3333333333333333,0.0,0.0,0.0,0,Normal
0,8,1.0,0.5,0.3333333333333333,0.0,0.0,0.0,0,Normal
0,9,1.0,0.5,0.3333333333333333,0.0,0.0,0.0,0,Normal
0,10,1.0,0.5,0.3333333333333333,0.0,0.0,0.0,0,Normal
0,11,1.0,0.5,0.3333333333333333,0.0,0.0,0.0,0,Normal
0,12,1.0,0.5,0.3333333333333333,0.0,0.0,0.0,0,Normal
0,13,1.0,0.5,0.3333333333333333,0.0,0.0,0.0,0,Normal
0,14,1.0,0.5,0.3333333333333333,0.0,0.0,0.0,0,Normal
0,15,1.0,0.5,0.3333333333333333,0.0,0.0,0.0,0,Normal
0,16,1.0,0.5,0.3333333333333333,0.0,0.0,0.0,0,Normal
0,17,1.0,0.5,0.3333333333333333,0.0,0.0,0.0,0,Normal
0,18,1.0,0.5,0.3333333333333333,0.0,0.0,0.0,0,Normal
0,19,1.0,0.5,0.3333333333333333,0.0,0.0,0.0,0,Normal
0,20,1.0,0.5,0.3333333333333333,0.0,0.0,0.0,0,Normal
0,21,1.0,0.5,0.3333333333333333,0.0,0.0,0.0,0,Normal
0,22,1.0,0.5,0.3333333333333333,0.0,0.0,0.0,0,Normal
0,23,1.0,0.5,0.3333333333333333,0.0,0.0,0.0,0,Normal
0,24,1.0,0.5,0.3333333333333333,0.0,0.0,0.0,0,Normal
0,25,1.0,0.5,0.3333333333333333,0.0,0.0,0.0,0,Normal
0,26,1.0,0.5,0.3333333333333333,0.0,0.0,0.0,0,Normal
0,27,1.0,0.5,0.3333333333333333,0.0,0.0,0.0,0,Normal
0,28,1.0,0.5,0.3333333333333333,0.0,0.0,0.0,0,Normal
0,29,1.0,0.5,0.3333333333333333,0.0,0.0,0.0,0,Normal
1,0,0.0638790327694735,0.5,0.3333333333333333,0.0,0.0006419760131427879,0.0,0,Normal
1,1,1.0,0.5,0.3333333333333333,0.0,0.0,0.0,0,Normal
1,2,1.0,0.5,0.3333333333333333,0.0,0.0,0.0,0,Normal
1,3,1.0,0.5,0.3333333333333333,0.0,0.0,0.0,0,Normal
1,4,0.014426616607250918,0.5,0.3333333333333333,0.0,0.0,0.0,0,Normal
1,5,1.0,0.5,0.3333333333333333,0.0,0.0,0.0,0,Normal
1,6,1.0,0.5,0.3333333333333333,0.0,0.0,0.0,0,Normal
1,7,1.0,0.5,0.3333333333333333,0.0,0.0,0.0,0,Normal
1,8,1.0,0.5,0.3333333333333333,0.0,0.0,0.0,0,Normal
1,9,1.0,0.5,0.3333333333333333,0.0,0.0,0.0,0,Normal
1,10,1.0,0.5,0.3333333333333333,0.0,0.0,0.0,0,Normal
1,11,1.0,0.5,0.3333333333333333,0.0,0.0,0.0,0,Normal
1,12,1.0,0.5,0.3333333333333333,0.0,0.0,0.0,0,Normal
1,13,1.0,0.5,0.3333333333333333,0.0,0.0,0.0,0,Normal
1,14,1.0,0.5,0.3333333333333333,0.0,0.0,0.0,0,Normal
1,15,1.0,0.5,0.3333333333333333,0.0,0.0,0.0,0,Normal
1,16,1.0,0.5,0.3333333333333333,0.0,0.0,0.0,0,Normal
1,17,1.0,0.5,0.3333333333333333,0.0,0.0,0.0,0,Normal
1,18,1.0,0.5,0.3333333333333333,0.0,0.0,0.0,0,Normal
1,19,1.0,0.5,0.3333333333333333,0.0,0.0,0.0,0,Normal
1,20,1.0,0.5,0.3333333333333333,0.0,0.0,0.0,0,Normal
1,21,1.0,0.5,0.3333333333333333,0.0,0.0,0.0,0,Normal
1,22,1.0,0.5,0.3333333333333333,0.0,0.0,0.0,0,Normal
1,23,1.0,0.5,0.3333333333333333,0.0,0.0,0.0,0,Normal
1,24,1.0,0.5,0.3333333333333333,0.0,0.0,0.0,0,Normal
1,25,1.0,0.5,0.3333333333333333,0.0,0.0,0.0,0,Normal
1,26,1.0,0.5,0.3333333333333333,0.0,0.0,0.0,0,Normal
1,27,1.0,0.5,0.3333333333333333,0.0,0.0,0.0,0,Normal
1,28,1.0,0.5,0.3333333333333333,0.0,0.0,0.0,0,Normal
1,29,1.0,0.5,0.3333333333333333,0.0,0.0,0.0,0,Normal
2,0,1.0,0.5,0.3333333333333333,0.0,0.0,0.0,0,Normal
2,1,1.0,0.5,0.3333333333333333,0.0,0.0,0.0,0,Normal
2,2,1.0,0.5,0.3333333333333333,0.0,0.0,0.0,0,Normal
2,3,1.0,0.5,0.3333333333333333,0.0,0.0,0.0,0,Normal
2,4,1.0,0.5,0.3333333333333333,0.0,0.0,0.0,0,Normal
2,5,1.0,0.5,0.3333333333333333,0.0,0.0,0.0,0,Normal
2,6,0.06944329046189232,0.5,0.3333333333333333,0.0,0.0,0.0,0,Normal
2,7,0.07075729030441465,0.5,0.3333333333333333,0.0,0.0027612432393467464,0.0,0,Normal
2,8,1.0,0.5,0.3333333333333333,0.0,0.0,0.0,0,Normal
2,9,1.0,0.5,0.3333333333333333,0.0,0.0,0.0,0,Normal
2,10,1.0,0.5,0.3333333333333333,0.0,0.0,0.0,0,Normal
2,11,1.0,0.5,0.3333333333333333,0.0,0.0,0.0,0,Normal
2,12,1.0,0.5,0.3333333333333333,0.0,0.0,0.0,0,Normal
2,13,1.0,0.5,0.3333333333333333,0.0,0.0,0.0,0,Normal
2,14,1.0,0.5,0.3333333333333333,0.0,0.0,0.0,0,Normal
2,15,1.0,0.5,0.3333333333333333,0.0,0.0,0.0,0,Normal
2,16,1.0,0.5,0.3333333333333333,0.0,0.0,0.0,0,Normal
2,17,1.0,0.5,0.3333333333333333,0.0,0.0,0.0,0,Normal
2,18,1.0,0.5,0.3333333333333333,0.0,0.0,0.0,0,Normal
2,19,1.0,0.5,0.3333333333333333,0.0,0.0,0.0,0,Normal
2,20,1.0,0.5,0.3333333333333333,0.0,0.0,0.0,0,Normal
2,21,1.0,0.5,0.3333333333333333,0.0,0.0,0.0,0,Normal
2,22,1.0,0.5,0.3333333333333333,0.0,0.0,0.0,0,Normal
2,23,1.0,0.5,0.3333333333333333,0.0,0.0,0.0,0,Normal
2,24,1.0,0.5,0.3333333333333333,0.0,0.0,0.0,0,Normal
2,25,1.0,0.5,0.3333333333333333,0.0,0.0,0.0,0,Normal
2,26,1.0,0.5,0.3333333333333333,0.0,0.0,0.0,0,Normal
2,27,1.0,0.5,0.3333333333333333,0.0,0.0,0.0,0,Normal
2,28,1.0,0.5,0.3333333333333333,0.0,0.0,0.0,0,Normal
2,29,1.0,0.5,0.3333333333333333,0.0,0.0,0.0,0,Normal
3,0,1.0,0.5,0.3333333333333333,0.0,0.0,0.0,0,Normal
3,1,1.0,0.5,0.3333333333333333,0.0,0.0,0.0,0,Normal
3,2,1.0,0.5,0.3333333333333333,0.0,0.0,0.0,0,Normal
3,3,1.0,0.5,0.3333333333333333,0.0,0.0,0.0,0,Normal
3,4,1.0,0.5,0.3333333333333333,0.0,0.0,0.0,0,Normal
3,5,1.0,0.5,0.3333333333333333,0.0,0.0,0.0,0,Normal
3,6,1.0,0.5,0.3333333333333333,0.0,0.0,0.0,0,Normal
3,7,1.0,0.5,0.3333333333333333,0.0,0.0,0.0,0,Normal
3,8,1.0,0.5,0.3333333333333333,0.0,0.0,0.0,0,Normal
3,9,1.0,0.5,0.3333333333333333,0.0,0.0,0.0,0,Normal
3,10,1.0,0.5,0.3333333333333333,0.0,0.0,0.0,0,Normal
3,11,1.0,0.5,0.3333333333333333,0.0,0.0,0.0,0,Normal
3,12,1.0,0.5,0.3333333333333333,0.0,0.0,0.0,0,Normal
3,13,1.0,0.5,0.3333333333333333,0.0,0.0,0.0,0,Normal
3,14,1.0,0.5,0.3333333333333333,0.0,0.0,0.0,0,Normal
3,15,1.0,0.5,0.3333333333333333,0.0,0.0,0.0,0,Normal
3,16,1.0,0.5,0.3333333333333333,0.0,0.0,0.0,0,Normal
3,17,1.0,0.5,0.3333333333333333,0.0,0.0,0.0,0,Normal
3,18,1.0,0.5,0.3333333333333333,0.0,0.0,0.0,0,Normal
3,19,1.0,0.5,0.3333333333333333,0.0,0.0,0.0,0,Normal
3,20,1.0,0.5,0.3333333333333333,0.0,0.0,0.0,0,Normal
3,21,1.0,0.5,0.3333333333333333,0.0,0.0,0.0,0,Normal
3,22,1.0,0.5,0.3333333333333333,0.0,0.0,0.0,0,Normal
3,23,1.0,0.5,0.3333333333333333,0.0,0.0,0.0,0,Normal
3,24,1.0,0.5,0.3333333333333333,0.0,0.0,0.0,0,Normal
3,25,1.0,0.5,0.3333333333333333,0.0,0.0,0.0,0,Normal
3,26,1.0,0.5,0.3333333333333333,0.0,0.0,0.0,0,Normal
3,27,1.0,0.5,0.3333333333333333,0.0,0.0,0.0,0,Normal
3,28,1.0,0.5,0.3333333333333333,0.0,0.0,0.0,0,Normal
3,29,1.0,0.5,0.3333333333333333,0.0,0.0,0.0,0,Normal
4,0,1.0,0.5,0.3333333333333333,0.0,0.0,0.0,0,Normal
4,1,1.0,0.5,0.3333333333333333,0.0,0.0,0.0,0,Normal
4,2,1.0,0.5,0.3333333333333333,0.0,0.0,0.0,0,Normal
4,3,1.0,0.5,0.3333333333333333,0.0,0.0,0.0,0,Normal
4,4,1.0,0.5,0.3333333333333333,0.0,0.0,0.0,0,Normal
4,5,1.0,0.5,0.3333333333333333,0.0,0.0,0.0,0,Normal
4,6,1.0,0.5,0.3333333333333333,0.0,0.0,0.0,0,Normal
4,7,1.0,0.5,0.3333333333333333,0.0,0.0,0.0,0,Normal
4,8,1.0,0.5,0.3333333333333333,0.0,0.0,0.0,0,Normal
4,9,1.0,0.5,0.3333333333333333,0.0,0.0,0.0,0,Normal
4,10,1.0,0.5,0.3333333333333333,0.0,0.0,0.0,0,Normal
4,11,1.0,0.5,0.3333333333333333,0.0,0.0,0.0,0,Normal
4,12,1.0,0.5,0.3333333333333333,0.0,0.0,0.0,0,Normal
4,13,1.0,0.5,0.3333333333333333,0.0,0.0,0.0,0,Normal
4,14,1.0,0.5,0.3333333333333333,0.0,0.0,0.0,0,Normal
4,15,1.0,0.5,0.3333333333333333,0.0,0.0,0.0,0,Normal
4,16,1.0,0.5,0.3333333333333333,0.0,0.0,0.0,0,Normal
4,17,1.0,0.5,0.3333333333333333,0.0,0.0,0.0,0,Normal
4,18,1.0,0.5,0.3333333333333333,0.0,0.0,0.0,0,Normal
4,19,1.0,0.5,0.3333333333333333,0.0,0.0,0.0,0,Normal
4,20,1.0,0.5,0.3333333333333333,0.0,0.0,0.0,0,Normal
4,21,1.0,0.5,0.3333333333333333,0.0,0.0,0.0,0,Normal
4,22,1.0,0.5,0.3333333333333333,0.0,0.0,0.0,0,Normal
4,23,0.09122499476729741,0.5,0.3333333333333333,0.0,0.0,0.0,0,Normal
4,24,0.09574809136306735,0.5,0.3333333333333333,0.0,0.0027612432393467464,0.0,0,Normal
4,25,0.09848213355598838,0.5,0.3333333333333333,0.0,0.0009078911845047388,0.0,0,Normal
4,26,0.10009989240888503,0.5,0.3333333333333333,0.0,0.0010150532023626999,0.0,0,Normal
4,27,0.101426115184459,0.5,0.3333333333333333,0.0,0.0010150532023626999,0.0,0,Normal
4,28,0.1022758660976305,0.5,0.3333333333333333,0.0,0.0,0.0,0,Normal
4,29,0.1022758660976305,0.5,0.3333333333333333,0.0,0.0004539455922523694,0.0,0,Normal
5,0,1.0,0.5,0.3333333333333333,0.0,0.0,0.0,1,Pocketing
5,1,1.0,0.5,0.3333333333333333,0.0,0.0,0.0,1,Pocketing
5,2,1.0,0.5,0.3333333333333333,0.0,0.0,0.0,1,Pocketing
5,3,1.0,0.5,0.3333333333333333,0.0,0.0,0.0,1,Pocketing
5,4,1.0,0.5,0.3333333333333333,0.0,0.0,0.0,1,Pocketing
5,5,1.0,0.5,0.3333333333333333,0.0,0.0,0.0,1,Pocketing
5,6,1.0,0.5,0.3333333333333333,0.0,0.0,0.0,1,Pocketing
5,7,1.0,0.5,0.3333333333333333,0.0,0.0,0.0,1,Pocketing
5,8,1.0,0.5,0.3333333333333333,0.0,0.0,0.0,1,Pocketing
5,9,1.0,0.5,0.3333333333333333,0.0,0.0,0.0,1,Pocketing
5,10,1.0,0.5,0.3333333333333333,0.0,0.0,0.0,1,Pocketing
5,11,1.0,0.5,0.3333333333333333,0.0,0.0,0.0,1,Pocketing
5,12,1.0,0.5,0.3333333333333333,0.0,0.0,0.0,1,Pocketing
5,13,1.0,0.5,0.3333333333333333,0.0,0.0,0.0,1,Pocketing
5,14,1.0,0.5,0.3333333333333333,0.0,0.0,0.0,1,Pocketing
5,15,1.0,0.5,0.3333333333333333,0.0,0.0,0.0,1,Pocketing
5,16,1.0,0.5,0.3333333333333333,0.0,0.0,0.0,1,Pocketing
5,17,1.0,0.5,0.3333333333333333,0.0,0.0,0.0,1,Pocketing
5,18,1.0,0.5,0.3333333333333333,0.0,0.0,0.0,1,Pocketing
5,19,1.0,0.5,0.3333333333333333,0.0,0.0,0.0,1,Pocketing
5,20,1.0,0.5,0.3333333333333333,0.0,0.0,0.0,1,Pocketing
5,21,1.0,0.5,0.3333333333333333,0.0,0.0,0.0,1,Pocketing
5,22,1.0,0.5,0.3333333333333333,0.0,0.0,0.0,1,Pocketing
5,23,1.0,0.5,0.3333333333333333,0.0,0.0,0.0,1,Pocketing
5,24,1.0,0.5,0.3333333333333333,0.0,0.0,0.0,1,Pocketing
5,25,1.0,0.5,0.3333333333333333,0.0,0.0,0.0,1,Pocketing
5,26,1.0,0.5,0.3333333333333333,0.0,0.0,0.0,1,Pocketing
5,27,1.0,0.5,0.3333333333333333,0.0,0.0,0.0,1,Pocketing
5,28,1.0,0.5,0.3333333333333333,0.0,0.0,0.0,1,Pocketing
5,29,1.0,0.5,0.3333333333333333,0.0,0.0,0.0,1,Pocketing
6,0,0.06132467254896449,0.5,0.3333333333333333,0.0,0.0,0.0,1,Pocketing
6,1,0.053567503349517424,0.5,0.3333333333333333,0.0,0.0,0.0,1,Pocketing
6,2,0.047802432317231046,0.5,0.3333333333333333,0.0,0.0006419760131427879,0.0,1,Pocketing
6,3,1.0,0.5,0.3333333333333333,0.0,0.0,0.0,1,Pocketing
6,4,0.04251122308710205,0.5,0.3333333333333333,0.0,0.0,0.0,1,Pocketing
6,5,0.043955437074393006,0.5,0.3333333333333333,0.0,0.0004539455922523694,0.0,1,Pocketing
6,6,1.0,0.5,0.3333333333333333,0.0,0.0,0.0,1,Pocketing
6,7,1.0,0.5,0.3333333333333333,0.0,0.0,0.0,1,Pocketing
6,8,0.04879440034246497,0.5,0.3333333333333333,0.0,0.0,0.0,1,Pocketing
6,9,0.04879440034246497,0.5,0.3333333333333333,0.0,0.0,0.0,1,Pocketing
6,10,0.04847875391625353,0.5,0.3333333333333333,0.0,0.0004539455922523694,0.0,1,Pocketing
6,11,1.0,0.5,0.3333333333333333,0.0,0.0,0.0,1,Pocketing
6,12,1.0,0.5,0.3333333333333333,0.0,0.0,0.0,1,Pocketing
6,13,1.0,0.5,0.3333333333333333,0.0,0.0,0.0,1,Pocketing
6,14,1.0,0.5,0.3333333333333333,0.0,0.0,0.0,1,Pocketing
6,15,1.0,0.5,0.3333333333333333,0.0,0.0,0.0,1,Pocketing
6,16,1.0,0.5,0.3333333333333333,0.0,0.0,0.0,1,Pocketing
6,17,1.0,0.5,0.3333333333333333,0.0,0.0,0.0,1,Pocketing
6,18,1.0,0.5,0.3333333333333333,0.0,0.0,0.0,1,Pocketing
6,19,1.0,0.5,0.3333333333333333,0.0,0.0,0.0,1,Pocketing
6,20,0.04806895873568928,0.5,0.3333333333333333,0.0,0.0,0.0,1,Pocketing
6,21,1.0,0.5,0.3333333333333333,0.0,0.0,0.0,1,Pocketing
6,22,1.0,0.5,0.3333333333333333,0.0,0.0,0.0,1,Pocketing
6,23,0.0564975366298013,0.5,0.3333333333333333,0.0,0.0,0.0,1,Pocketing
6,24,0.05876272652247141,0.5,0.3333333333333333,0.0,0.0004539455922523694,0.0,1,Pocketing
6,25,1.0,0.5,0.3333333333333333,0.0,0.0,0.0,1,Pocketing
6,26,0.060169627787977485,0.5,0.3333333333333333,0.0,0.0,0.0,1,Pocketing
6,27,0.058066011754452786,0.5,0.3333333333333333,0.0,0.0,0.0,1,Pocketing
6,28,0.05828915947892579,0.5,0.3333333333333333,0.0,0.0004539455922523694,0.0,1,Pocketing
6,29,0.05757240026842138,0.5,0.3333333333333333,0.0,0.0004539455922523694,0.0,1,Pocketing
7,0,1.0,0.5,0.3333333333333333,0.0,0.0,0.0,1,Pocketing
7,1,1.0,0.5,0.3333333333333333,0.0,0.0,0.0,1,Pocketing
7,2,1.0,0.5,0.3333333333333333,0.0,0.0,0.0,1,Pocketing
7,3,1.0,0.5,0.3333333333333333,0.0,0.0,0.0,1,Pocketing
7,4,1.0,0.5,0.3333333333333333,0.0,0.0,0.0,1,Pocketing
7,5,1.0,0.5,0.3333333333333333,0.0,0.0,0.0,1,Pocketing
7,6,1.0,0.5,0.3333333333333333,0.0,0.0,0.0,1,Pocketing
7,7,1.0,0.5,0.3333333333333333,0.0,0.0,0.0,1,Pocketing
7,8,1.0,0.5,0.3333333333333333,0.0,0.0,0.0,1,Pocketing
7,9,1.0,0.5,0.3333333333333333,0.0,0.0,0.0,1,Pocketing
7,10,1.0,0.5,0.3333333333333333,0.0,0.0,0.0,1,Pocketing
7,11,1.0,0.5,0.3333333333333333,0.0,0.0,0.0,1,Pocketing
7,12,1.0,0.5,0.3333333333333333,0.0,0.0,0.0,1,Pocketing
7,13,1.0,0.5,0.3333333333333333,0.0,0.0,0.0,1,Pocketing
7,14,1.0,0.5,0.3333333333333333,0.0,0.0,0.0,1,Pocketing
7,15,1.0,0.5,0.3333333333333333,0.0,0.0,0.0,1,Pocketing
7,16,1.0,0.5,0.3333333333333333,0.0,0.0,0.0,1,Pocketing
7,17,1.0,0.5,0.3333333333333333,0.0,0.0,0.0,1,Pocketing
7,18,1.0,0.5,0.3333333333333333,0.0,0.0,0.0,1,Pocketing
7,19,1.0,0.5,0.3333333333333333,0.0,0.0,0.0,1,Pocketing
7,20,1.0,0.5,0.3333333333333333,0.0,0.0,0.0,1,Pocketing
7,21,1.0,0.5,0.3333333333333333,0.0,0.0,0.0,1,Pocketing
7,22,1.0,0.5,0.3333333333333333,0.0,0.0,0.0,1,Pocketing
7,23,1.0,0.5,0.3333333333333333,0.0,0.0,0.0,1,Pocketing
7,24,1.0,0.5,0.3333333333333333,0.0,0.0,0.0,1,Pocketing
7,25,1.0,0.5,0.3333333333333333,0.0,0.0,0.0,1,Pocketing
7,26,1.0,0.5,0.3333333333333333,0.0,0.0,0.0,1,Pocketing
7,27,1.0,0.5,0.3333333333333333,0.0,0.0,0.0,1,Pocketing
7,28,1.0,0.5,0.3333333333333333,0.0,0.0,0.0,1,Pocketing
7,29,1.0,0.5,0.3333333333333333,0.0,0.0,0.0,1,Pocketing
8,0,1.0,0.5,0.3333333333333333,0.0,0.0,0.0,1,Bagging
8,1,1.0,0.5,0.3333333333333333,0.0,0.0,0.0,1,Bagging
8,2,1.0,0.5,0.3333333333333333,0.0,0.0,0.0,1,Bagging
8,3,1.0,0.5,0.3333333333333333,0.0,0.0,0.0,1,Bagging
8,4,1.0,0.5,0.3333333333333333,0.0,0.0,0.0,1,Bagging
8,5,1.0,0.5,0.3333333333333333,0.0,0.0,0.0,1,Bagging
8,6,1.0,0.5,0.3333333333333333,0.0,0.0,0.0,1,Bagging
8,7,1.0,0.5,0.3333333333333333,0.0,0.0,0.0,1,Bagging
8,8,1.0,0.5,0.3333333333333333,0.0,0.0,0.0,1,Bagging
8,9,1.0,0.5,0.3333333333333333,0.0,0.0,0.0,1,Bagging
8,10,1.0,0.5,0.3333333333333333,0.0,0.0,0.0,1,Bagging
8,11,1.0,0.5,0.3333333333333333,0.0,0.0,0.0,1,Bagging
8,12,1.0,0.5,0.3333333333333333,0.0,0.0,0.0,1,Bagging
8,13,1.0,0.5,0.3333333333333333,0.0,0.0,0.0,1,Bagging
8,14,1.0,0.5,0.3333333333333333,0.0,0.0,0.0,1,Bagging
8,15,1.0,0.5,0.3333333333333333,0.0,0.0,0.0,1,Bagging
8,16,1.0,0.5,0.3333333333333333,0.0,0.0,0.0,1,Bagging
8,17,1.0,0.5,0.3333333333333333,0.0,0.0,0.0,1,Bagging
8,18,1.0,0.5,0.3333333333333333,0.0,0.0,0.0,1,Bagging
8,19,1.0,0.5,0.3333333333333333,0.0,0.0,0.0,1,Bagging
8,20,1.0,0.5,0.3333333333333333,0.0,0.0,0.0,1,Bagging
8,21,1.0,0.5,0.3333333333333333,0.0,0.0,0.0,1,Bagging
8,22,1.0,0.5,0.3333333333333333,0.0,0.0,0.0,1,Bagging
8,23,1.0,0.5,0.3333333333333333,0.0,0.0,0.0,1,Bagging
8,24,1.0,0.5,0.3333333333333333,0.0,0.0,0.0,1,Bagging
8,25,1.0,0.5,0.3333333333333333,0.0,0.0,0.0,1,Bagging
8,26,1.0,0.5,0.3333333333333333,0.0,0.0,0.0,1,Bagging
8,27,1.0,0.5,0.3333333333333333,0.0,0.0,0.0,1,Bagging
8,28,1.0,0.5,0.3333333333333333,0.0,0.0,0.0,1,Bagging
8,29,1.0,0.5,0.3333333333333333,0.0,0.0,0.0,1,Bagging
9,0,1.0,0.5,0.3333333333333333,0.0,0.0,0.0,1,Bagging
9,1,1.0,0.5,0.3333333333333333,0.0,0.0,0.0,1,Bagging
9,2,1.0,0.5,0.3333333333333333,0.0,0.0,0.0,1,Bagging
9,3,1.0,0.5,0.3333333333333333,0.0,0.0,0.0,1,Bagging
9,4,1.0,0.5,0.3333333333333333,0.0,0.0,0.0,1,Bagging
9,5,1.0,0.5,0.3333333333333333,0.0,0.0,0.0,1,Bagging
9,6,1.0,0.5,0.3333333333333333,0.0,0.0,0.0,1,Bagging
9,7,1.0,0.5,0.3333333333333333,0.0,0.0,0.0,1,Bagging
9,8,1.0,0.5,0.3333333333333333,0.0,0.0,0.0,1,Bagging
9,9,1.0,0.5,0.3333333333333333,0.0,0.0,0.0,1,Bagging
9,10,1.0,0.5,0.3333333333333333,0.0,0.0,0.0,1,Bagging
9,11,1.0,0.5,0.3333333333333333,0.0,0.0,0.0,1,Bagging
9,12,1.0,0.5,0.3333333333333333,0.0,0.0,0.0,1,Bagging
9,13,1.0,0.5,0.3333333333333333,0.0,0.0,0.0,1,Bagging
9,14,1.0,0.5,0.3333333333333333,0.0,0.0,0.0,1,Bagging
9,15,1.0,0.5,0.3333333333333333,0.0,0.0,0.0,1,Bagging
9,16,1.0,0.5,0.3333333333333333,0.0,0.0,0.0,1,Bagging
9,17,1.0,0.5,0.3333333333333333,0.0,0.0,0.0,1,Bagging
9,18,1.0,0.5,0.3333333333333333,0.0,0.0,0.0,1,Bagging
9,19,1.0,0.5,0.3333333333333333,0.0,0.0,0.0,1,Bagging
9,20,1.0,0.5,0.3333333333333333,0.0,0.0,0.0,1,Bagging
9,21,1.0,0.5,0.3333333333333333,0.0,0.0,0.0,1,Bagging
9,22,1.0,0.5,0.3333333333333333,0.0,0.0,0.0,1,Bagging
9,23,1.0,0.5,0.3333333333333333,0.0,0.0,0.0,1,Bagging
9,24,1.0,0.5,0.3333333333333333,0.0,0.0,0.0,1,Bagging
9,25,1.0,0.5,0.3333333333333333,0.0,0.0,0.0,1,Bagging
9,26,1.0,0.5,0.3333333333333333,0.0,0.0,0.0,1,Bagging
9,27,1.0,0.5,0.3333333333333333,0.0,0.0,0.0,1,Bagging
9,28,1.0,0.5,0.3333333333333333,0.0,0.0,0.0,1,Bagging
9,29,1.0,0.5,0.3333333333333333,0.0,0.0,0.0,1,Bagging
10,0,1.0,0.5,0.3333333333333333,0.0,0.0,0.0,1,Bagging
10,1,1.0,0.5,0.3333333333333333,0.0,0.0,0.0,1,Bagging
10,2,1.0,0.5,0.3333333333333333,0.0,0.0,0.0,1,Bagging
10,3,1.0,0.5,0.3333333333333333,0.0,0.0,0.0,1,Bagging
10,4,1.0,0.5,0.3333333333333333,0.0,0.0,0.0,1,Bagging
10,5,1.0,0.5,0.3333333333333333,0.0,0.0,0.0,1,Bagging
10,6,1.0,0.5,0.3333333333333333,0.0,0.0,0.0,1,Bagging
10,7,1.0,0.5,0.3333333333333333,0.0,0.0,0.0,1,Bagging
10,8,1.0,0.5,0.3333333333333333,0.0,0.0,0.0,1,Bagging
10,9,1.0,0.5,0.3333333333333333,0.0,0.0,0.0,1,Bagging
10,10,1.0,0.5,0.3333333333333333,0.0,0.0,0.0,1,Bagging
10,11,1.0,0.5,0.3333333333333333,0.0,0.0,0.0,1,Bagging
10,12,1.0,0.5,0.3333333333333333,0.0,0.0,0.0,1,Bagging
10,13,1.0,0.5,0.3333333333333333,0.0,0.0,0.0,1,Bagging
10,14,1.0,0.5,0.3333333333333333,0.0,0.0,0.0,1,Bagging
10,15,1.0,0.5,0.3333333333333333,0.0,0.0,0.0,1,Bagging
10,16,1.0,0.5,0.3333333333333333,0.0,0.0,0.0,1,Bagging
10,17,1.0,0.5,0.3333333333333333,0.0,0.0,0.0,1,Bagging
10,18,1.0,0.5,0.3333333333333333,0.0,0.0,0.0,1,Bagging
10,19,1.0,0.5,0.3333333333333333,0.0,0.0,0.0,1,Bagging
10,20,1.0,0.5,0.3333333333333333,0.0,0.0,0.0,1,Bagging
10,21,1.0,0.5,0.3333333333333333,0.0,0.0,0.0,1,Bagging
10,22,1.0,0.5,0.3333333333333333,0.0,0.0,0.0,1,Bagging
10,23,1.0,0.5,0.3333333333333333,0.0,0.0,0.0,1,Bagging
10,24,1.0,0.5,0.3333333333333333,0.0,0.0,0.0,1,Bagging
10,25,1.0,0.5,0.3333333333333333,0.0,0.0,0.0,1,Bagging
10,26,1.0,0.5,0.3333333333333333,0.0,0.0,0.0,1,Bagging
10,27,1.0,0.5,0.3333333333333333,0.0,0.0,0.0,1,Bagging
10,28,1.0,0.5,0.3333333333333333,0.0,0.0,0.0,1,Bagging
10,29,1.0,0.5,0.3333333333333333,0.0,0.0,0.0,1,Bagging
11,0,1.0,0.5,0.3333333333333333,0.0,0.0,0.0,1,Bagging
11,1,1.0,0.5,0.3333333333333333,0.0,0.0,0.0,1,Bagging
11,2,1.0,0.5,0.3333333333333333,0.0,0.0,0.0,1,Bagging
11,3,1.0,0.5,0.3333333333333333,0.0,0.0,0.0,1,Bagging
11,4,1.0,0.5,0.3333333333333333,0.0,0.0,0.0,1,Bagging
11,5,1.0,0.5,0.3333333333333333,0.0,0.0,0.0,1,Bagging
11,6,1.0,0.5,0.3333333333333333,0.0,0.0,0.0,1,Bagging
11,7,1.0,0.5,0.3333333333333333,0.0,0.0,0.0,1,Bagging
11,8,1.0,0.5,0.3333333333333333,0.0,0.0,0.0,1,Bagging
11,9,1.0,0.5,0.3333333333333333,0.0,0.0,0.0,1,Bagging
11,10,1.0,0.5,0.3333333333333333,0.0,0.0,0.0,1,Bagging
11,11,1.0,0.5,0.3333333333333333,0.0,0.0,0.0,1,Bagging
11,12,1.0,0.5,0.3333333333333333,0.0,0.0,0.0,1,Bagging
11,13,1.0,0.5,0.3333333333333333,0.0,0.0,0.0,1,Bagging
11,14,1.0,0.5,0.3333333333333333,0.0,0.0,0.0,1,Bagging
11,15,1.0,0.5,0.3333333333333333,0.0,0.0,0.0,1,Bagging
11,16,1.0,0.5,0.3333333333333333,0.0,0.0,0.0,1,Bagging
11,17,1.0,0.5,0.3333333333333333,0.0,0.0,0.0,1,Bagging
11,18,1.0,0.5,0.3333333333333333,0.0,0.0,0.0,1,Bagging
11,19,1.0,0.5,0.3333333333333333,0.0,0.0,0.0,1,Bagging
11,20,1.0,0.5,0.3333333333333333,0.0,0.0,0.0,1,Bagging
11,21,1.0,0.5,0.3333333333333333,0.0,0.0,0.0,1,Bagging
11,22,1.0,0.5,0.3333333333333333,0.0,0.0,0.0,1,Bagging
11,23,1.0,0.5,0.3333333333333333,0.0,0.0,0.0,1,Bagging
11,24,1.0,0.5,0.3333333333333333,0.0,0.0,0.0,1,Bagging
11,25,1.0,0.5,0.3333333333333333,0.0,0.0,0.0,1,Bagging
11,26,1.0,0.5,0.3333333333333333,0.0,0.0,0.0,1,Bagging
11,27,1.0,0.5,0.3333333333333333,0.0,0.0,0.0,1,Bagging
11,28,1.0,0.5,0.3333333333333333,0.0,0.0,0.0,1,Bagging
11,29,1.0,0.5,0.3333333333333333,0.0,0.0,0.0,1,Bagging
12,0,1.0,0.5,0.3333333333333333,0.0,0.0,0.0,1,Bagging
12,1,1.0,0.5,0.3333333333333333,0.0,0.0,0.0,1,Bagging
12,2,1.0,0.5,0.3333333333333333,0.0,0.0,0.0,1,Bagging
12,3,1.0,0.5,0.3333333333333333,0.0,0.0,0.0,1,Bagging
12,4,1.0,0.5,0.3333333333333333,0.0,0.0,0.0,1,Bagging
12,5,1.0,0.5,0.3333333333333333,0.0,0.0,0.0,1,Bagging
12,6,1.0,0.5,0.3333333333333333,0.0,0.0,0.0,1,Bagging
12,7,1.0,0.5,0.3333333333333333,0.0,0.0,0.0,1,Bagging
12,8,1.0,0.5,0.3333333333333333,0.0,0.0,0.0,1,Bagging
12,9,1.0,0.5,0.3333333333333333,0.0,0.0,0.0,1,Bagging
12,10,1.0,0.5,0.3333333333333333,0.0,0.0,0.0,1,Bagging
12,11,1.0,0.5,0.3333333333333333,0.0,0.0,0.0,1,Bagging
12,12,1.0,0.5,0.3333333333333333,0.0,0.0,0.0,1,Bagging
12,13,1.0,0.5,0.3333333333333333,0.0,0.0,0.0,1,Bagging
12,14,1.0,0.5,0.3333333333333333,0.0,0.0,0.0,1,Bagging
12,15,1.0,0.5,0.3333333333333333,0.0,0.0,0.0,1,Bagging
12,16,1.0,0.5,0.3333333333333333,0.0,0.0,0.0,1,Bagging
12,17,1.0,0.5,0.3333333333333333,0.0,0.0,0.0,1,Bagging
12,18,1.0,0.5,0.3333333333333333,0.0,0.0,0.0,1,Bagging
12,19,1.0,0.5,0.3333333333333333,0.0,0.0,0.0,1,Bagging
12,20,1.0,0.5,0.3333333333333333,0.0,0.0,0.0,1,Bagging
12,21,1.0,0.5,0.3333333333333333,0.0,0.0,0.0,1,Bagging
12,22,1.0,0.5,0.3333333333333333,0.0,0.0,0.0,1,Bagging
12,23,1.0,0.5,0.3333333333333333,0.0,0.0,0.0,1,Bagging
12,24,1.0,0.5,0.3333333333333333,0.0,0.0,0.0,1,Bagging
12,25,1.0,0.5,0.3333333333333333,0.0,0.0,0.0,1,Bagging
12,26,1.0,0.5,0.3333333333333333,0.0,0.0,0.0,1,Bagging
12,27,1.0,0.5,0.3333333333333333,0.0,0.0,0.0,1,Bagging
12,28,1.0,0.5,0.3333333333333333,0.0,0.0,0.0,1,Bagging
12,29,1.0,0.5,0.3333333333333333,0.0,0.0,0.0,1,Bagging
0,0,1.0,0.5,0.3333333333333333,0.0,0.0,0.0,1,Jacket
0,1,1.0,0.5,0.3333333333333333,0.0,0.0,0.0,1,Jacket
0,2,1.0,0.5,0.3333333333333333,0.0,0.0,0.0,1,Jacket
0,3,1.0,0.5,0.3333333333333333,0.0,0.0,0.0,1,Jacket
0,4,1.0,0.5,0.3333333333333333,0.0,0.0,0.0,1,Jacket
0,5,1.0,0.5,0.3333333333333333,0.0,0.0,0.0,1,Jacket
0,6,1.0,0.5,0.3333333333333333,0.0,0.0,0.0,1,Jacket
0,7,1.0,0.5,0.3333333333333333,0.0,0.0,0.0,1,Jacket
0,8,1.0,0.5,0.3333333333333333,0.0,0.0,0.0,1,Jacket
0,9,1.0,0.5,0.3333333333333333,0.0,0.0,0.0,1,Jacket
0,10,1.0,0.5,0.3333333333333333,0.0,0.0,0.0,1,Jacket
0,11,1.0,0.5,0.3333333333333333,0.0,0.0,0.0,1,Jacket
0,12,1.0,0.5,0.3333333333333333,0.0,0.0,0.0,1,Jacket
0,13,1.0,0.5,0.3333333333333333,0.0,0.0,0.0,1,Jacket
0,14,1.0,0.5,0.3333333333333333,0.0,0.0,0.0,1,Jacket
0,15,1.0,0.5,0.3333333333333333,0.0,0.0,0.0,1,Jacket
0,16,1.0,0.5,0.3333333333333333,0.0,0.0,0.0,1,Jacket
0,17,1.0,0.5,0.3333333333333333,0.0,0.0,0.0,1,Jacket
0,18,1.0,0.5,0.3333333333333333,0.0,0.0,0.0,1,Jacket
0,19,1.0,0.5,0.3333333333333333,0.0,0.0,0.0,1,Jacket
0,20,1.0,0.5,0.3333333333333333,0.0,0.0,0.0,1,Jacket
0,21,1.0,0.5,0.3333333333333333,0.0,0.0,0.0,1,Jacket
0,22,1.0,0.5,0.3333333333333333,0.0,0.0,0.0,1,Jacket
0,23,1.0,0.5,0.3333333333333333,0.0,0.0,0.0,1,Jacket
0,24,1.0,0.5,0.3333333333333333,0.0,0.0,0.0,1,Jacket
0,25,1.0,0.5,0.3333333333333333,0.0,0.0,0.0,1,Jacket
0,26,1.0,0.5,0.3333333333333333,0.0,0.0,0.0,1,Jacket
0,27,1.0,0.5,0.3333333333333333,0.0,0.0,0.0,1,Jacket
0,28,1.0,0.5,0.3333333333333333,0.0,0.0,0.0,1,Jacket
0,29,1.0,0.5,0.3333333333333333,0.0,0.0,0.0,1,Jacket
1,0,0.1080047134798332,0.5,0.3333333333333333,0.0,0.0,0.0,1,Jacket
1,1,0.10862966395298027,0.5,0.3333333333333333,0.0,0.0,0.0,1,Jacket
1,2,0.10664243821027154,0.5,0.3333333333333333,0.0,0.0,0.0,1,Jacket
1,3,1.0,0.5,0.3333333333333333,0.0,0.0,0.0,1,Jacket
1,4,0.09847167086899805,0.5,0.3333333333333333,0.0,0.0,0.0,1,Jacket
1,5,0.0948398705980823,0.5,0.3333333333333333,0.0,0.0,0.0,1,Jacket
1,6,0.09475400674168714,0.5,0.3333333333333333,0.0,0.0,0.0,1,Jacket
1,7,1.0,0.5,0.3333333333333333,0.0,0.0,0.0,1,Jacket
1,8,0.09956735456110138,0.5,0.3333333333333333,0.0,0.0,0.0,1,Jacket
1,9,0.09855743211443649,0.5,0.3333333333333333,0.0,0.0009078911845047388,0.0,1,Jacket
1,10,1.0,0.5,0.3333333333333333,0.0,0.0,0.0,1,Jacket
1,11,1.0,0.5,0.3333333333333333,0.0,0.0,0.0,1,Jacket
1,12,1.0,0.5,0.3333333333333333,0.0,0.0,0.0,1,Jacket
1,13,1.0,0.5,0.3333333333333333,0.0,0.0,0.0,1,Jacket
1,14,1.0,0.5,0.3333333333333333,0.0,0.0,0.0,1,Jacket
1,15,1.0,0.5,0.3333333333333333,0.0,0.0,0.0,1,Jacket
1,16,1.0,0.5,0.3333333333333333,0.0,0.0,0.0,1,Jacket
1,17,1.0,0.5,0.3333333333333333,0.0,0.0,0.0,1,Jacket
1,18,1.0,0.5,0.3333333333333333,0.0,0.0,0.0,1,Jacket
1,19,1.0,0.5,0.3333333333333333,0.0,0.0,0.0,1,Jacket
1,20,1.0,0.5,0.3333333333333333,0.0,0.0,0.0,1,Jacket
1,21,1.0,0.5,0.3333333333333333,0.0,0.0,0.0,1,Jacket
1,22,1.0,0.5,0.3333333333333333,0.0,0.0,0.0,1,Jacket
1,23,1.0,0.5,0.3333333333333333,0.0,0.0,0.0,1,Jacket
1,24,1.0,0.5,0.3333333333333333,0.0,0.0,0.0,1,Jacket
1,25,1.0,0.5,0.3333333333333333,0.0,0.0,0.0,1,Jacket
1,26,1.0,0.5,0.3333333333333333,0.0,0.0,0.0,1,Jacket
1,27,1.0,0.5,0.3333333333333333,0.0,0.0,0.0,1,Jacket
1,28,1.0,0.5,0.3333333333333333,0.0,0.0,0.0,1,Jacket
1,29,1.0,0.5,0.3333333333333333,0.0,0.0,0.0,1,Jacket
2,0,1.0,0.5,0.3333333333333333,0.0,0.0,0.0,1,Jacket
2,1,1.0,0.5,0.3333333333333333,0.0,0.0,0.0,1,Jacket
2,2,1.0,0.5,0.3333333333333333,0.0,0.0,0.0,1,Jacket
2,3,1.0,0.5,0.3333333333333333,0.0,0.0,0.0,1,Jacket
2,4,1.0,0.5,0.3333333333333333,0.0,0.0,0.0,1,Jacket
2,5,1.0,0.5,0.3333333333333333,0.0,0.0,0.0,1,Jacket
2,6,1.0,0.5,0.3333333333333333,0.0,0.0,0.0,1,Jacket
2,7,1.0,0.5,0.3333333333333333,0.0,0.0,0.0,1,Jacket
2,8,1.0,0.5,0.3333333333333333,0.0,0.0,0.0,1,Jacket
2,9,1.0,0.5,0.3333333333333333,0.0,0.0,0.0,1,Jacket
2,10,1.0,0.5,0.3333333333333333,0.0,0.0,0.0,1,Jacket
2,11,1.0,0.5,0.3333333333333333,0.0,0.0,0.0,1,Jacket
2,12,1.0,0.5,0.3333333333333333,0.0,0.0,0.0,1,Jacket
2,13,1.0,0.5,0.3333333333333333,0.0,0.0,0.0,1,Jacket
2,14,1.0,0.5,0.3333333333333333,0.0,0.0,0.0,1,Jacket
2,15,1.0,0.5,0.3333333333333333,0.0,0.0,0.0,1,Jacket
2,16,1.0,0.5,0.3333333333333333,0.0,0.0,0.0,1,Jacket
2,17,1.0,0.5,0.3333333333333333,0.0,0.0,0.0,1,Jacket
2,18,1.0,0.5,0.3333333333333333,0.0,0.0,0.0,1,Jacket
2,19,1.0,0.5,0.3333333333333333,0.0,0.0,0.0,1,Jacket
2,20,1.0,0.5,0.3333333333333333,0.0,0.0,0.0,1,Jacket
2,21,1.0,0.5,0.3333333333333333,0.0,0.0,0.0,1,Jacket
2,22,1.0,0.5,0.3333333333333333,0.0,0.0,0.0,1,Jacket
2,23,1.0,0.5,0.3333333333333333,0.0,0.0,0.0,1,Jacket
2,24,1.0,0.5,0.3333333333333333,0.0,0.0,0.0,1,Jacket
2,25,1.0,0.5,0.3333333333333333,0.0,0.0,0.0,1,Jacket
2,26,1.0,0.5,0.3333333333333333,0.0,0.0,0.0,1,Jacket
2,27,1.0,0.5,0.3333333333333333,0.0,0.0,0.0,1,Jacket
2,28,1.0,0.5,0.3333333333333333,0.0,0.0,0.0,1,Jacket
2,29,1.0,0.5,0.3333333333333333,0.0,0.0,0.0,1,Jacket
3,0,0.08829679366683175,0.5,0.3333333333333333,0.0,0.0,0.0,1,Jacket
3,1,0.08868219560138976,0.5,0.3333333333333333,0.0,0.0004539455922523694,0.0,1,Jacket
3,2,0.08945492890818084,0.5,0.3333333333333333,0.0,0.0,0.0,1,Jacket
3,3,0.09023017969647422,0.5,0.3333333333333333,0.0,0.0,0.0,1,Jacket
3,4,0.09023017969647422,0.5,0.3333333333333333,0.0,0.0,0.0,1,Jacket
3,5,1.0,0.5,0.3333333333333333,0.0,0.0,0.0,1,Jacket
3,6,1.0,0.5,0.3333333333333333,0.0,0.0,0.0,1,Jacket
3,7,1.0,0.5,0.3333333333333333,0.0,0.0,0.0,1,Jacket
3,8,1.0,0.5,0.3333333333333333,0.0,0.0,0.0,1,Jacket
3,9,0.08906824346940213,0.5,0.3333333333333333,0.0,0.0,0.0,1,Jacket
3,10,1.0,0.5,0.3333333333333333,0.0,0.0,0.0,1,Jacket
3,11,1.0,0.5,0.3333333333333333,0.0,0.0,0.0,1,Jacket
3,12,1.0,0.5,0.3333333333333333,0.0,0.0,0.0,1,Jacket
3,13,0.09145060410100367,0.5,0.3333333333333333,0.0,0.0,0.0,1,Jacket
3,14,1.0,0.5,0.3333333333333333,0.0,0.0,0.0,1,Jacket
3,15,0.09468438905731646,0.5,0.3333333333333333,0.0,0.0,0.0,1,Jacket
3,16,1.0,0.5,0.3333333333333333,0.0,0.0,0.0,1,Jacket
3,17,1.0,0.5,0.3333333333333333,0.0,0.0,0.0,1,Jacket
3,18,1.0,0.5,0.3333333333333333,0.0,0.0,0.0,1,Jacket
3,19,1.0,0.5,0.3333333333333333,0.0,0.0,0.0,1,Jacket
3,20,1.0,0.5,0.3333333333333333,0.0,0.0,0.0,1,Jacket
3,21,1.0,0.5,0.3333333333333333,0.0,0.0,0.0,1,Jacket
3,22,1.0,0.5,0.3333333333333333,0.0,0.0,0.0,1,Jacket
3,23,1.0,0.5,0.3333333333333333,0.0,0.0,0.0,1,Jacket
3,24,1.0,0.5,0.3333333333333333,0.0,0.0,0.0,1,Jacket
3,25,1.0,0.5,0.3333333333333333,0.0,0.0,0.0,1,Jacket
3,26,1.0,0.5,0.3333333333333333,0.0,0.0,0.0,1,Jacket
3,27,1.0,0.5,0.3333333333333333,0.0,0.0,0.0,1,Jacket
3,28,1.0,0.5,0.3333333333333333,0.0,0.0,0.0,1,Jacket
3,29,1.0,0.5,0.3333333333333333,0.0,0.0,0.0,1,Jacket
4,0,1.0,0.5,0.3333333333333333,0.0,0.0,0.0,1,Jacket
4,1,1.0,0.5,0.3333333333333333,0.0,0.0,0.0,1,Jacket
4,2,1.0,0.5,0.3333333333333333,0.0,0.0,0.0,1,Jacket
4,3,1.0,0.5,0.3333333333333333,0.0,0.0,0.0,1,Jacket
4,4,1.0,0.5,0.3333333333333333,0.0,0.0,0.0,1,Jacket
4,5,1.0,0.5,0.3333333333333333,0.0,0.0,0.0,1,Jacket
4,6,1.0,0.5,0.3333333333333333,0.0,0.0,0.0,1,Jacket
4,7,1.0,0.5,0.3333333333333333,0.0,0.0,0.0,1,Jacket
4,8,1.0,0.5,0.3333333333333333,0.0,0.0,0.0,1,Jacket
4,9,1.0,0.5,0.3333333333333333,0.0,0.0,0.0,1,Jacket
4,10,1.0,0.5,0.3333333333333333,0.0,0.0,0.0,1,Jacket
4,11,1.0,0.5,0.3333333333333333,0.0,0.0,0.0,1,Jacket
4,12,1.0,0.5,0.3333333333333333,0.0,0.0,0.0,1,Jacket
4,13,1.0,0.5,0.3333333333333333,0.0,0.0,0.0,1,Jacket
4,14,1.0,0.5,0.3333333333333333,0.0,0.0,0.0,1,Jacket
4,15,1.0,0.5,0.3333333333333333,0.0,0.0,0.0,1,Jacket
4,16,1.0,0.5,0.3333333333333333,0.0,0.0,0.0,1,Jacket
4,17,1.0,0.5,0.3333333333333333,0.0,0.0,0.0,1,Jacket
4,18,1.0,0.5,0.3333333333333333,0.0,0.0,0.0,1,Jacket
4,19,1.0,0.5,0.3333333333333333,0.0,0.0,0.0,1,Jacket
4,20,1.0,0.5,0.3333333333333333,0.0,0.0,0.0,1,Jacket
4,21,1.0,0.5,0.3333333333333333,0.0,0.0,0.0,1,Jacket
4,22,1.0,0.5,0.3333333333333333,0.0,0.0,0.0,1,Jacket
4,23,1.0,0.5,0.3333333333333333,0.0,0.0,0.0,1,Jacket
4,24,1.0,0.5,0.3333333333333333,0.0,0.0,0.0,1,Jacket
4,25,1.0,0.5,0.3333333333333333,0.0,0.0,0.0,1,Jacket
4,26,1.0,0.5,0.3333333333333333,0.0,0.0,0.0,1,Jacket
4,27,1.0,0.5,0.3333333333333333,0.0,0.0,0.0,1,Jacket
4,28,1.0,0.5,0.3333333333333333,0.0,0.0,0.0,1,Jacket
4,29,1.0,0.5,0.3333333333333333,0.0,0.0,0.0,1,Jacket
5,0,0.06712564555712369,0.5,0.3333333333333333,0.0,0.0006419760131427879,0.0,0,Normal
5,1,0.07328796591464634,0.5,0.3333333333333333,0.0,0.0,0.0,0,Normal
5,2,0.07713602938539087,0.5,0.3333333333333333,0.0,0.0006419760131427879,0.0,0,Normal
5,3,1.0,0.5,0.3333333333333333,0.0,0.0,0.0,0,Normal
5,4,1.0,0.5,0.3333333333333333,0.0,0.0,0.0,0,Normal
5,5,1.0,0.5,0.3333333333333333,0.0,0.0,0.0,0,Normal
5,6,0.08458627810576035,0.5,0.3333333333333333,0.0,0.0,0.0,0,Normal
5,7,0.08569958994331511,0.5,0.3333333333333333,0.0,0.0,0.0,0,Normal
5,8,0.08944110635920703,0.5,0.3333333333333333,0.0,0.0,0.0,0,Normal
5,9,1.0,0.5,0.3333333333333333,0.0,0.0,0.0,0,Normal
5,10,1.0,0.5,0.3333333333333333,0.0,0.0,0.0,0,Normal
5,11,1.0,0.5,0.3333333333333333,0.0,0.0,0.0,0,Normal
5,12,1.0,0.5,0.3333333333333333,0.0,0.0,0.0,0,Normal
5,13,1.0,0.5,0.3333333333333333,0.0,0.0,0.0,0,Normal
5,14,1.0,0.5,0.3333333333333333,0.0,0.0,0.0,0,Normal
5,15,1.0,0.5,0.3333333333333333,0.0,0.0,0.0,0,Normal
5,16,1.0,0.5,0.3333333333333333,0.0,0.0,0.0,0,Normal
5,17,1.0,0.5,0.3333333333333333,0.0,0.0,0.0,0,Normal
5,18,1.0,0.5,0.3333333333333333,0.0,0.0,0.0,0,Normal
5,19,1.0,0.5,0.3333333333333333,0.0,0.0,0.0,0,Normal
5,20,1.0,0.5,0.3333333333333333,0.0,0.0,0.0,0,Normal
5,21,1.0,0.5,0.3333333333333333,0.0,0.0,0.0,0,Normal
5,22,1.0,0.5,0.3333333333333333,0.0,0.0,0.0,0,Normal
5,23,1.0,0.5,0.3333333333333333,0.0,0.0,0.0,0,Normal
5,24,0.05196834487557301,0.5,0.3333333333333333,0.0,0.0,0.0,0,Normal
5,25,0.062109313034187034,0.5,0.3333333333333333,0.0,0.004470845587845702,0.0,0,Normal
5,26,0.06891904777867595,0.5,0.3333333333333333,0.0,0.005522486478693493,0.0,0,Normal
5,27,0.07322467446751622,0.5,0.3333333333333333,0.0,0.003304773795351776,0.0,0,Normal
5,28,0.07797564440902241,0.5,0.3333333333333333,0.0,0.0027612432393467464,0.0,0,Normal
5,29,0.08250328451134481,0.5,0.3333333333333333,0.0,0.0013618367767571082,0.0,0,Normal
6,0,1.0,0.5,0.3333333333333333,0.0,0.0,0.0,0,Normal
6,1,1.0,0.5,0.3333333333333333,0.0,0.0,0.0,0,Normal
6,2,1.0,0.5,0.3333333333333333,0.0,0.0,0.0,0,Normal
6,3,1.0,0.5,0.3333333333333333,0.0,0.0,0.0,0,Normal
6,4,1.0,0.5,0.3333333333333333,0.0,0.0,0.0,0,Normal
6,5,1.0,0.5,0.3333333333333333,0.0,0.0,0.0,0,Normal
6,6,1.0,0.5,0.3333333333333333,0.0,0.0,0.0,0,Normal
6,7,1.0,0.5,0.3333333333333333,0.0,0.0,0.0,0,Normal
6,8,1.0,0.5,0.3333333333333333,0.0,0.0,0.0,0,Normal
6,9,1.0,0.5,0.3333333333333333,0.0,0.0,0.0,0,Normal
6,10,1.0,0.5,0.3333333333333333,0.0,0.0,0.0,0,Normal
6,11,1.0,0.5,0.3333333333333333,0.0,0.0,0.0,0,Normal
6,12,1.0,0.5,0.3333333333333333,0.0,0.0,0.0,0,Normal
6,13,1.0,0.5,0.3333333333333333,0.0,0.0,0.0,0,Normal
6,14,1.0,0.5,0.3333333333333333,0.0,0.0,0.0,0,Normal
6,15,1.0,0.5,0.3333333333333333,0.0,0.0,0.0,0,Normal
6,16,1.0,0.5,0.3333333333333333,0.0,0.0,0.0,0,Normal
6,17,1.0,0.5,0.3333333333333333,0.0,0.0,0.0,0,Normal
6,18,1.0,0.5,0.3333333333333333,0.0,0.0,0.0,0,Normal
6,19,1.0,0.5,0.3333333333333333,0.0,0.0,0.0,0,Normal
6,20,1.0,0.5,0.3333333333333333,0.0,0.0,0.0,0,Normal
6,21,1.0,0.5,0.3333333333333333,0.0,0.0,0.0,0,Normal
6,22,1.0,0.5,0.3333333333333333,0.0,0.0,0.0,0,Normal
6,23,1.0,0.5,0.3333333333333333,0.0,0.0,0.0,0,Normal
6,24,1.0,0.5,0.3333333333333333,0.0,0.0,0.0,0,Normal
6,25,1.0,0.5,0.3333333333333333,0.0,0.0,0.0,0,Normal
6,26,0.08543950684955808,0.5,0.3333333333333333,0.0,0.0,0.0,0,Normal
6,27,1.0,0.5,0.3333333333333333,0.0,0.0,0.0,0,Normal
6,28,0.09691286564672517,0.5,0.3333333333333333,0.0,0.0,0.0,0,Normal
6,29,0.09656352149141148,0.5,0.3333333333333333,0.0,0.0010150532023626999,0.0,0,Normal
7,0,1.0,0.5,0.3333333333333333,0.0,0.0,0.0,0,Normal
7,1,1.0,0.5,0.3333333333333333,0.0,0.0,0.0,0,Normal
7,2,1.0,0.5,0.3333333333333333,0.0,0.0,0.0,0,Normal
7,3,1.0,0.5,0.3333333333333333,0.0,0.0,0.0,0,Normal
7,4,1.0,0.5,0.3333333333333333,0.0,0.0,0.0,0,Normal
7,5,1.0,0.5,0.3333333333333333,0.0,0.0,0.0,0,Normal
7,6,1.0,0.5,0.3333333333333333,0.0,0.0,0.0,0,Normal
7,7,1.0,0.5,0.3333333333333333,0.0,0.0,0.0,0,Normal
7,8,1.0,0.5,0.3333333333333333,0.0,0.0,0.0,0,Normal
7,9,1.0,0.5,0.3333333333333333,0.0,0.0,0.0,0,Normal
7,10,1.0,0.5,0.3333333333333333,0.0,0.0,0.0,0,Normal
7,11,1.0,0.5,0.3333333333333333,0.0,0.0,0.0,0,Normal
7,12,1.0,0.5,0.3333333333333333,0.0,0.0,0.0,0,Normal
7,13,1.0,0.5,0.3333333333333333,0.0,0.0,0.0,0,Normal
7,14,1.0,0.5,0.3333333333333333,0.0,0.0,0.0,0,Normal
7,15,1.0,0.5,0.3333333333333333,0.0,0.0,0.0,0,Normal
7,16,1.0,0.5,0.3333333333333333,0.0,0.0,0.0,0,Normal
7,17,1.0,0.5,0.3333333333333333,0.0,0.0,0.0,0,Normal
7,18,1.0,0.5,0.3333333333333333,0.0,0.0,0.0,0,Normal
7,19,1.0,0.5,0.3333333333333333,0.0,0.0,0.0,0,Normal
7,20,1.0,0.5,0.3333333333333333,0.0,0.0,0.0,0,Normal
7,21,1.0,0.5,0.3333333333333333,0.0,0.0,0.0,0,Normal
7,22,1.0,0.5,0.3333333333333333,0.0,0.0,0.0,0,Normal
7,23,1.0,0.5,0.3333333333333333,0.0,0.0,0.0,0,Normal
7,24,1.0,0.5,0.3333333333333333,0.0,0.0,0.0,0,Normal
7,25,1.0,0.5,0.3333333333333333,0.0,0.0,0.0,0,Normal
7,26,1.0,0.5,0.3333333333333333,0.0,0.0,0.0,0,Normal
7,27,1.0,0.5,0.3333333333333333,0.0,0.0,0.0,0,Normal
7,28,1.0,0.5,0.3333333333333333,0.0,0.0,0.0,0,Normal
7,29,1.0,0.5,0.3333333333333333,0.0,0.0,0.0,0,Normal
8,0,0.10350457238745761,0.5,0.3333333333333333,0.0,0.0,0.0,0,Normal
8,1,0.10824294334524631,0.5,0.3333333333333333,0.0,0.0004539455922523694,0.0,0,Normal
8,2,0.11556014044646448,0.5,0.3333333333333333,0.0,0.0006419760131427879,0.0,0,Normal
8,3,0.11713731547162268,0.5,0.3333333333333333,0.0,0.0012839520262855758,0.0,0,Normal
8,4,0.11030971295779977,0.5,0.3333333333333333,0.0,0.005522486478693493,0.0,0,Normal
8,5,1.0,0.5,0.3333333333333333,0.0,0.0,0.0,0,Normal
8,6,1.0,0.5,0.3333333333333333,0.0,0.0,0.0,0,Normal
8,7,1.0,0.5,0.3333333333333333,0.0,0.0,0.0,0,Normal
8,8,1.0,0.5,0.3333333333333333,0.0,0.0,0.0,0,Normal
8,9,1.0,0.5,0.3333333333333333,0.0,0.0,0.0,0,Normal
8,10,1.0,0.5,0.3333333333333333,0.0,0.0,0.0,0,Normal
8,11,1.0,0.5,0.3333333333333333,0.0,0.0,0.0,0,Normal
8,12,1.0,0.5,0.3333333333333333,0.0,0.0,0.0,0,Normal
8,13,1.0,0.5,0.3333333333333333,0.0,0.0,0.0,0,Normal
8,14,1.0,0.5,0.3333333333333333,0.0,0.0,0.0,0,Normal
8,15,1.0,0.5,0.3333333333333333,0.0,0.0,0.0,0,Normal
8,16,1.0,0.5,0.3333333333333333,0.0,0.0,0.0,0,Normal
8,17,1.0,0.5,0.3333333333333333,0.0,0.0,0.0,0,Normal
8,18,1.0,0.5,0.3333333333333333,0.0,0.0,0.0,0,Normal
8,19,1.0,0.5,0.3333333333333333,0.0,0.0,0.0,0,Normal
8,20,1.0,0.5,0.3333333333333333,0.0,0.0,0.0,0,Normal
8,21,1.0,0.5,0.3333333333333333,0.0,0.0,0.0,0,Normal
8,22,1.0,0.5,0.3333333333333333,0.0,0.0,0.0,0,Normal
8,23,1.0,0.5,0.3333333333333333,0.0,0.0,0.0,0,Normal
8,24,1.0,0.5,0.3333333333333333,0.0,0.0,0.0,0,Normal
8,25,1.0,0.5,0.3333333333333333,0.0,0.0,0.0,0,Normal
8,26,0.10184277202781386,0.5,0.3333333333333333,0.0,0.0,0.0,0,Normal
8,27,0.10840178922122705,0.5,0.3333333333333333,0.0,0.005175776086182252,0.0,0,Normal
8,28,0.11254372341532262,0.5,0.3333333333333333,0.0,0.002314677433004265,0.0,0,Normal
8,29,0.11240723178104048,0.5,0.3333333333333333,0.0,0.0010150532023626999,0.0,0,Normal
9,0,0.09900698020798526,0.5,0.3333333333333333,0.0,0.0006419760131427879,0.0,0,Normal
9,1,0.09651976456763944,0.5,0.3333333333333333,0.0,0.001871665625140085,0.0,0,Normal
9,2,0.10022744493780286,0.5,0.3333333333333333,0.0,0.0004539455922523694,0.0,0,Normal
9,3,0.10774874609417256,0.5,0.3333333333333333,0.0,0.0010150532023626999,0.0,0,Normal
9,4,0.1081277056325271,0.5,0.3333333333333333,0.0,0.0012839520262855758,0.0,0,Normal
9,5,1.0,0.5,0.3333333333333333,0.0,0.0,0.0,0,Normal
9,6,1.0,0.5,0.3333333333333333,0.0,0.0,0.0,0,Normal
9,7,1.0,0.5,0.3333333333333333,0.0,0.0,0.0,0,Normal
9,8,1.0,0.5,0.3333333333333333,0.0,0.0,0.0,0,Normal
9,9,1.0,0.5,0.3333333333333333,0.0,0.0,0.0,0,Normal
9,10,1.0,0.5,0.3333333333333333,0.0,0.0,0.0,0,Normal
9,11,1.0,0.5,0.3333333333333333,0.0,0.0,0.0,0,Normal
9,12,1.0,0.5,0.3333333333333333,0.0,0.0,0.0,0,Normal
9,13,1.0,0.5,0.3333333333333333,0.0,0.0,0.0,0,Normal
9,14,1.0,0.5,0.3333333333333333,0.0,0.0,0.0,0,Normal
9,15,1.0,0.5,0.3333333333333333,0.0,0.0,0.0,0,Normal
9,16,1.0,0.5,0.3333333333333333,0.0,0.0,0.0,0,Normal
9,17,1.0,0.5,0.3333333333333333,0.0,0.0,0.0,0,Normal
9,18,1.0,0.5,0.3333333333333333,0.0,0.0,0.0,0,Normal
9,19,1.0,0.5,0.3333333333333333,0.0,0.0,0.0,0,Normal
9,20,1.0,0.5,0.3333333333333333,0.0,0.0,0.0,0,Normal
9,21,1.0,0.5,0.3333333333333333,0.0,0.0,0.0,0,Normal
9,22,1.0,0.5,0.3333333333333333,0.0,0.0,0.0,0,Normal
9,23,1.0,0.5,0.3333333333333333,0.0,0.0,0.0,0,Normal
9,24,1.0,0.5,0.3333333333333333,0.0,0.0,0.0,0,Normal
9,25,1.0,0.5,0.3333333333333333,0.0,0.0,0.0,0,Normal
9,26,0.10085461555330137,0.5,0.3333333333333333,0.0,0.0,0.0,0,Normal
9,27,0.10838277803391473,0.5,0.3333333333333333,0.0,0.005522486478693493,0.0,0,Normal
9,28,0.11243289385894534,0.5,0.3333333333333333,0.0,0.003177619145766586,0.0,0,Normal
9,29,0.11317001090519621,0.5,0.3333333333333333,0.0,0.0004539455922523694,0.0,0,Normal
10,0,0.08021618087549368,0.5,0.3333333333333333,0.0,0.0004539455922523694,0.0,1,Pocketing
10,1,0.08355682197867349,0.5,0.3333333333333333,0.0,0.0004539455922523694,0.0,1,Pocketing
10,2,0.08528863350766626,0.5,0.3333333333333333,0.0,0.0,0.0,1,Pocketing
10,3,0.08771962686699859,0.5,0.3333333333333333,0.0,0.0,0.0,1,Pocketing
10,4,0.08750912533076548,0.5,0.3333333333333333,0.0,0.0004539455922523694,0.0,1,Pocketing
10,5,0.08486233299968654,0.5,0.3333333333333333,0.0,0.0,0.0,1,Pocketing
10,6,0.0774878610618165,0.5,0.3333333333333333,0.0,0.0,0.0,1,Pocketing
10,7,0.058083753210992684,0.5,0.3333333333333333,0.0,0.0004539455922523694,0.0,1,Pocketing
10,8,0.05605814535874029,0.5,0.3333333333333333,0.0,0.001435502005311572,0.0,1,Pocketing
10,9,0.05737879468748875,0.5,0.3333333333333333,0.0,0.0004539455922523694,0.0,1,Pocketing
10,10,0.05820602187510801,0.5,0.3333333333333333,0.0,0.0,0.0,1,Pocketing
10,11,0.04143108475579902,0.5,0.3333333333333333,0.0,0.0004539455922523694,0.0,1,Pocketing
10,12,0.031071241114546507,0.5,0.3333333333333333,0.0,0.0004539455922523694,0.0,1,Pocketing
10,13,1.0,0.5,0.3333333333333333,0.0,0.0,0.0,1,Pocketing
10,14,1.0,0.5,0.3333333333333333,0.0,0.0,0.0,1,Pocketing
10,15,1.0,0.5,0.3333333333333333,0.0,0.0,0.0,1,Pocketing
10,16,1.0,0.5,0.3333333333333333,0.0,0.0,0.0,1,Pocketing
10,17,1.0,0.5,0.3333333333333333,0.0,0.0,0.0,1,Pocketing
10,18,1.0,0.5,0.3333333333333333,0.0,0.0,0.0,1,Pocketing
10,19,1.0,0.5,0.3333333333333333,0.0,0.0,0.0,1,Pocketing
10,20,1.0,0.5,0.3333333333333333,0.0,0.0,0.0,1,Pocketing
10,21,1.0,0.5,0.3333333333333333,0.0,0.0,0.0,1,Pocketing
10,22,1.0,0.5,0.3333333333333333,0.0,0.0,0.0,1,Pocketing
10,23,1.0,0.5,0.3333333333333333,0.0,0.0,0.0,1,Pocketing
10,24,1.0,0.5,0.3333333333333333,0.0,0.0,0.0,1,Pocketing
10,25,1.0,0.5,0.3333333333333333,0.0,0.0,0.0,1,Pocketing
10,26,1.0,0.5,0.3333333333333333,0.0,0.0,0.0,1,Pocketing
10,27,1.0,0.5,0.3333333333333333,0.0,0.0,0.0,1,Pocketing
10,28,1.0,0.5,0.3333333333333333,0.0,0.0,0.0,1,Pocketing
10,29,1.0,0.5,0.3333333333333333,0.0,0.0,0.0,1,Pocketing
11,0,1.0,0.5,0.3333333333333333,0.0,0.0,0.0,1,Pocketing
11,1,1.0,0.5,0.3333333333333333,0.0,0.0,0.0,1,Pocketing
11,2,1.0,0.5,0.3333333333333333,0.0,0.0,0.0,1,Pocketing
11,3,1.0,0.5,0.3333333333333333,0.0,0.0,0.0,1,Pocketing
11,4,1.0,0.5,0.3333333333333333,0.0,0.0,0.0,1,Pocketing
11,5,1.0,0.5,0.3333333333333333,0.0,0.0,0.0,1,Pocketing
11,6,1.0,0.5,0.3333333333333333,0.0,0.0,0.0,1,Pocketing
11,7,1.0,0.5,0.3333333333333333,0.0,0.0,0.0,1,Pocketing
11,8,1.0,0.5,0.3333333333333333,0.0,0.0,0.0,1,Pocketing
11,9,1.0,0.5,0.3333333333333333,0.0,0.0,0.0,1,Pocketing
11,10,1.0,0.5,0.3333333333333333,0.0,0.0,0.0,1,Pocketing
11,11,1.0,0.5,0.3333333333333333,0.0,0.0,0.0,1,Pocketing
11,12,1.0,0.5,0.3333333333333333,0.0,0.0,0.0,1,Pocketing
11,13,1.0,0.5,0.3333333333333333,0.0,0.0,0.0,1,Pocketing
11,14,1.0,0.5,0.3333333333333333,0.0,0.0,0.0,1,Pocketing
11,15,1.0,0.5,0.3333333333333333,0.0,0.0,0.0,1,Pocketing
11,16,1.0,0.5,0.3333333333333333,0.0,0.0,0.0,1,Pocketing
11,17,1.0,0.5,0.3333333333333333,0.0,0.0,0.0,1,Pocketing
11,18,1.0,0.5,0.3333333333333333,0.0,0.0,0.0,1,Pocketing
11,19,1.0,0.5,0.3333333333333333,0.0,0.0,0.0,1,Pocketing
11,20,1.0,0.5,0.3333333333333333,0.0,0.0,0.0,1,Pocketing
11,21,1.0,0.5,0.3333333333333333,0.0,0.0,0.0,1,Pocketing
11,22,1.0,0.5,0.3333333333333333,0.0,0.0,0.0,1,Pocketing
11,23,1.0,0.5,0.3333333333333333,0.0,0.0,0.0,1,Pocketing
11,24,1.0,0.5,0.3333333333333333,0.0,0.0,0.0,1,Pocketing
11,25,1.0,0.5,0.3333333333333333,0.0,0.0,0.0,1,Pocketing
11,26,1.0,0.5,0.3333333333333333,0.0,0.0,0.0,1,Pocketing
11,27,1.0,0.5,0.3333333333333333,0.0,0.0,0.0,1,Pocketing
11,28,1.0,0.5,0.3333333333333333,0.0,0.0,0.0,1,Pocketing
11,29,1.0,0.5,0.3333333333333333,0.0,0.0,0.0,1,Pocketing
12,0,0.0966978700619289,0.5,0.3333333333333333,0.0,0.0,0.0,1,Pocketing
12,1,0.09443050361608935,0.5,0.3333333333333333,0.0,0.0,0.0,1,Pocketing
12,2,0.09291590985396123,0.5,0.3333333333333333,0.0,0.0,0.0,1,Pocketing
12,3,0.09228614526557548,0.5,0.3333333333333333,0.0,0.0,0.0,1,Pocketing
12,4,0.09052772343789137,0.5,0.3333333333333333,0.0,0.0,0.0,1,Pocketing
12,5,0.08906824346940213,0.5,0.3333333333333333,0.0,0.0,0.0,1,Pocketing
12,6,0.08906824346940213,0.5,0.3333333333333333,0.0,0.0,0.0,1,Pocketing
12,7,0.0904662429550834,0.5,0.3333333333333333,0.0,0.0,0.0,1,Pocketing
12,8,0.09031806273561165,0.5,0.3333333333333333,0.0,0.0,0.0,1,Pocketing
12,9,0.08878089590528362,0.5,0.3333333333333333,0.0,0.0,0.0,1,Pocketing
12,10,0.0881543172315149,0.5,0.3333333333333333,0.0,0.0,0.0,1,Pocketing
12,11,0.08777129296140837,0.5,0.3333333333333333,0.0,0.0,0.0,1,Pocketing
12,12,0.08498972029149084,0.5,0.3333333333333333,0.0,0.0,0.0,1,Pocketing
12,13,1.0,0.5,0.3333333333333333,0.0,0.0,0.0,1,Pocketing
12,14,0.07994856985149293,0.5,0.3333333333333333,0.0,0.0,0.0,1,Pocketing
12,15,0.07806412481576225,0.5,0.3333333333333333,0.0,0.0,0.0,1,Pocketing
12,16,0.07768970803938982,0.5,0.3333333333333333,0.0,0.0,0.0,1,Pocketing
12,17,0.07705851780628675,0.5,0.3333333333333333,0.0,0.0,0.0,1,Pocketing
12,18,0.07629662773603128,0.5,0.3333333333333333,0.0,0.0,0.0,1,Pocketing
12,19,0.07566743355733677,0.5,0.3333333333333333,0.0,0.0,0.0,1,Pocketing
12,20,0.07517015537093125,0.5,0.3333333333333333,0.0,0.0,0.0,1,Pocketing
12,21,0.07315287796277553,0.5,0.3333333333333333,0.0,0.0,0.0,1,Pocketing
12,22,0.07189701439695195,0.5,0.3333333333333333,0.0,0.0,0.0,1,Pocketing
12,23,0.07189701439695195,0.5,0.3333333333333333,0.0,0.0,0.0,1,Pocketing
12,24,0.07189701439695195,0.5,0.3333333333333333,0.0,0.0,0.0,1,Pocketing
12,25,0.07252482322291226,0.5,0.3333333333333333,0.0,0.0,0.0,1,Pocketing
12,26,0.07252482322291226,0.5,0.3333333333333333,0.0,0.0,0.0,1,Pocketing
12,27,0.07252482322291226,0.5,0.3333333333333333,0.0,0.0,0.0,1,Pocketing
12,28,0.07252482322291226,0.5,0.3333333333333333,0.0,0.0,0.0,1,Pocketing
12,29,0.07252482322291226,0.5,0.3333333333333333,0.0,0.0,0.0,1,Pocketing
13,0,1.0,0.5,0.3333333333333333,0.0,0.0,0.0,1,Pocketing
13,1,1.0,0.5,0.3333333333333333,0.0,0.0,0.0,1,Pocketing
13,2,1.0,0.5,0.3333333333333333,0.0,0.0,0.0,1,Pocketing
13,3,1.0,0.5,0.3333333333333333,0.0,0.0,0.0,1,Pocketing
13,4,1.0,0.5,0.3333333333333333,0.0,0.0,0.0,1,Pocketing
13,5,1.0,0.5,0.3333333333333333,0.0,0.0,0.0,1,Pocketing
13,6,1.0,0.5,0.3333333333333333,0.0,0.0,0.0,1,Pocketing
13,7,1.0,0.5,0.3333333333333333,0.0,0.0,0.0,1,Pocketing
13,8,1.0,0.5,0.3333333333333333,0.0,0.0,0.0,1,Pocketing
13,9,1.0,0.5,0.3333333333333333,0.0,0.0,0.0,1,Pocketing
13,10,1.0,0.5,0.3333333333333333,0.0,0.0,0.0,1,Pocketing
13,11,1.0,0.5,0.3333333333333333,0.0,0.0,0.0,1,Pocketing
13,12,1.0,0.5,0.3333333333333333,0.0,0.0,0.0,1,Pocketing
13,13,1.0,0.5,0.3333333333333333,0.0,0.0,0.0,1,Pocketing
13,14,1.0,0.5,0.3333333333333333,0.0,0.0,0.0,1,Pocketing
13,15,1.0,0.5,0.3333333333333333,0.0,0.0,0.0,1,Pocketing
13,16,1.0,0.5,0.3333333333333333,0.0,0.0,0.0,1,Pocketing
13,17,1.0,0.5,0.3333333333333333,0.0,0.0,0.0,1,Pocketing
13,18,1.0,0.5,0.3333333333333333,0.0,0.0,0.0,1,Pocketing
13,19,1.0,0.5,0.3333333333333333,0.0,0.0,0.0,1,Pocketing
13,20,1.0,0.5,0.3333333333333333,0.0,0.0,0.0,1,Pocketing
13,21,1.0,0.5,0.3333333333333333,0.0,0.0,0.0,1,Pocketing
13,22,1.0,0.5,0.3333333333333333,0.0,0.0,0.0,1,Pocketing
13,23,1.0,0.5,0.3333333333333333,0.0,0.0,0.0,1,Pocketing
13,24,1.0,0.5,0.3333333333333333,0.0,0.0,0.0,1,Pocketing
13,25,1.0,0.5,0.3333333333333333,0.0,0.0,0.0,1,Pocketing
13,26,1.0,0.5,0.3333333333333333,0.0,0.0,0.0,1,Pocketing
13,27,1.0,0.5,0.3333333333333333,0.0,0.0,0.0,1,Pocketing
13,28,1.0,0.5,0.3333333333333333,0.0,0.0,0.0,1,Pocketing
13,29,1.0,0.5,0.3333333333333333,0.0,0.0,0.0,1,Pocketing
14,0,1.0,0.5,0.3333333333333333,0.0,0.0,0.0,1,Pocketing
14,1,1.0,0.5,0.3333333333333333,0.0,0.0,0.0,1,Pocketing
14,2,1.0,0.5,0.3333333333333333,0.0,0.0,0.0,1,Pocketing
14,3,1.0,0.5,0.3333333333333333,0.0,0.0,0.0,1,Pocketing
14,4,1.0,0.5,0.3333333333333333,0.0,0.0,0.0,1,Pocketing
14,5,1.0,0.5,0.3333333333333333,0.0,0.0,0.0,1,Pocketing
14,6,1.0,0.5,0.3333333333333333,0.0,0.0,0.0,1,Pocketing
14,7,1.0,0.5,0.3333333333333333,0.0,0.0,0.0,1,Pocketing
14,8,1.0,0.5,0.3333333333333333,0.0,0.0,0.0,1,Pocketing
14,9,1.0,0.5,0.3333333333333333,0.0,0.0,0.0,1,Pocketing
14,10,1.0,0.5,0.3333333333333333,0.0,0.0,0.0,1,Pocketing
14,11,1.0,0.5,0.3333333333333333,0.0,0.0,0.0,1,Pocketing
14,12,1.0,0.5,0.3333333333333333,0.0,0.0,0.0,1,Pocketing
14,13,1.0,0.5,0.3333333333333333,0.0,0.0,0.0,1,Pocketing
14,14,1.0,0.5,0.3333333333333333,0.0,0.0,0.0,1,Pocketing
14,15,1.0,0.5,0.3333333333333333,0.0,0.0,0.0,1,Pocketing
14,16,1.0,0.5,0.3333333333333333,0.0,0.0,0.0,1,Pocketing
14,17,1.0,0.5,0.3333333333333333,0.0,0.0,0.0,1,Pocketing
14,18,1.0,0.5,0.3333333333333333,0.0,0.0,0.0,1,Pocketing
14,19,1.0,0.5,0.3333333333333333,0.0,0.0,0.0,1,Pocketing
14,20,1.0,0.5,0.3333333333333333,0.0,0.0,0.0,1,Pocketing
14,21,1.0,0.5,0.3333333333333333,0.0,0.0,0.0,1,Pocketing
14,22,1.0,0.5,0.3333333333333333,0.0,0.0,0.0,1,Pocketing
14,23,1.0,0.5,0.3333333333333333,0.0,0.0,0.0,1,Pocketing
14,24,1.0,0.5,0.3333333333333333,0.0,0.0,0.0,1,Pocketing
14,25,1.0,0.5,0.3333333333333333,0.0,0.0,0.0,1,Pocketing
14,26,1.0,0.5,0.3333333333333333,0.0,0.0,0.0,1,Pocketing
14,27,1.0,0.5,0.3333333333333333,0.0,0.0,0.0,1,Pocketing
14,28,1.0,0.5,0.3333333333333333,0.0,0.0,0.0,1,Pocketing
14,29,1.0,0.5,0.3333333333333333,0.0,0.0,0.0,1,Pocketing
15,0,0.12417299786698655,0.5,0.3333333333333333,0.0,0.0004539455922523694,0.0,1,Bagging
15,1,0.12286085884582472,0.5,0.3333333333333333,0.0,0.0,0.0,1,Bagging
15,2,0.12201344831371348,0.5,0.3333333333333333,0.0,0.0,0.0,1,Bagging
15,3,0.12038034569401196,0.5,0.3333333333333333,0.0,0.0004539455922523694,0.0,1,Bagging
15,4,0.11852240366887357,0.5,0.3333333333333333,0.0,0.0,0.0,1,Bagging
15,5,0.11680170932405952,0.5,0.3333333333333333,0.0,0.0,0.0,1,Bagging
15,6,0.11388969304839414,0.5,0.3333333333333333,0.0,0.0004539455922523694,0.0,1,Bagging
15,7,0.11227975106481014,0.5,0.3333333333333333,0.0,0.0,0.0,1,Bagging
15,8,0.11350909307343085,0.5,0.3333333333333333,0.0,0.0,0.0,1,Bagging
15,9,0.11593045228027164,0.5,0.3333333333333333,0.0,0.0,0.0,1,Bagging
15,10,0.11815236716265629,0.5,0.3333333333333333,0.0,0.0,0.0,1,Bagging
15,11,0.11960238830873177,0.5,0.3333333333333333,0.0,0.0,0.0,1,Bagging
15,12,0.12028102054657537,0.5,0.3333333333333333,0.0,0.0,0.0,1,Bagging
15,13,0.11931258488235404,0.5,0.3333333333333333,0.0,0.0,0.0,1,Bagging
15,14,0.11953603708044198,0.5,0.3333333333333333,0.0,0.0,0.0,1,Bagging
15,15,0.11724457685192498,0.5,0.3333333333333333,0.0,0.0,0.0,1,Bagging
15,16,0.11485899984345116,0.5,0.3333333333333333,0.0,0.0,0.0,1,Bagging
15,17,0.11562788211180607,0.5,0.3333333333333333,0.0,0.0004539455922523694,0.0,1,Bagging
15,18,0.1161604107064718,0.5,0.3333333333333333,0.0,0.0,0.0,1,Bagging
15,19,0.11592334205457734,0.5,0.3333333333333333,0.0,0.0004539455922523694,0.0,1,Bagging
15,20,0.1167849478126711,0.5,0.3333333333333333,0.0,0.0004539455922523694,0.0,1,Bagging
15,21,1.0,0.5,0.3333333333333333,0.0,0.0,0.0,1,Bagging
15,22,1.0,0.5,0.3333333333333333,0.0,0.0,0.0,1,Bagging
15,23,1.0,0.5,0.3333333333333333,0.0,0.0,0.0,1,Bagging
15,24,1.0,0.5,0.3333333333333333,0.0,0.0,0.0,1,Bagging
15,25,1.0,0.5,0.3333333333333333,0.0,0.0,0.0,1,Bagging
15,26,1.0,0.5,0.3333333333333333,0.0,0.0,0.0,1,Bagging
15,27,1.0,0.5,0.3333333333333333,0.0,0.0,0.0,1,Bagging
15,28,1.0,0.5,0.3333333333333333,0.0,0.0,0.0,1,Bagging
15,29,1.0,0.5,0.3333333333333333,0.0,0.0,0.0,1,Bagging
16,0,0.09631565932626951,0.5,0.3333333333333333,0.0,0.0,0.0,1,Bagging
16,1,0.09533830128230028,0.5,0.3333333333333333,0.0,0.0,0.0,1,Bagging
16,2,0.09373069644105265,0.5,0.3333333333333333,0.0,0.0004539455922523694,0.0,1,Bagging
16,3,0.09308873558977264,0.5,0.3333333333333333,0.0,0.0004539455922523694,0.0,1,Bagging
16,4,0.09277941642465871,0.5,0.3333333333333333,0.0,0.0004539455922523694,0.0,1,Bagging
16,5,0.09277941642465871,0.5,0.3333333333333333,0.0,0.0,0.0,1,Bagging
16,6,0.09469200598446707,0.5,0.3333333333333333,0.0,0.0004539455922523694,0.0,1,Bagging
16,7,0.09822442794926878,0.5,0.3333333333333333,0.0,0.0,0.0,1,Bagging
16,8,0.11009935416553984,0.5,0.3333333333333333,0.0,0.0,0.0,1,Bagging
16,9,0.11908698303559301,0.5,0.3333333333333333,0.0,0.0,0.0,1,Bagging
16,10,0.12883180645874553,0.5,0.3333333333333333,0.0,0.0004539455922523694,0.0,1,Bagging
16,11,0.13628199706262084,0.5,0.3333333333333333,0.0,0.0009078911845047388,0.0,1,Bagging
16,12,0.1351454809532688,0.5,0.3333333333333333,0.0,0.0013618367767571082,0.0,1,Bagging
16,13,0.15537013229244662,0.5,0.3333333333333333,0.0,0.02162325408086926,0.0,1,Bagging
16,14,0.15787977099786912,0.5,0.3333333333333333,0.0,0.0,0.0,1,Bagging
16,15,0.1491437535242371,0.5,0.3333333333333333,0.0,0.0009078911845047388,0.0,1,Bagging
16,16,0.14583598273699064,0.5,0.3333333333333333,0.0,0.0004539455922523694,0.0,1,Bagging
16,17,0.13908895909703617,0.5,0.3333333333333333,0.0,0.0,0.0,1,Bagging
16,18,0.1331020806154468,0.5,0.3333333333333333,0.0,0.0,0.0,1,Bagging
16,19,0.13161995690768108,0.5,0.3333333333333333,0.0,0.0,0.0,1,Bagging
16,20,0.13155653408980136,0.5,0.3333333333333333,0.0,0.0,0.0,1,Bagging
16,21,0.13338046273882104,0.5,0.3333333333333333,0.0,0.0,0.0,1,Bagging
16,22,0.13561125978964378,0.5,0.3333333333333333,0.0,0.0,0.0,1,Bagging
16,23,0.13683655094640954,0.5,0.3333333333333333,0.0,0.0,0.0,1,Bagging
16,24,0.13662631186307767,0.5,0.3333333333333333,0.0,0.0,0.0,1,Bagging
16,25,0.136477668403897,0.5,0.3333333333333333,0.0,0.0006419760131427879,0.0,1,Bagging
16,26,0.1430591366681626,0.5,0.3333333333333333,0.0,0.0010150532023626999,0.0,1,Bagging
16,27,0.1490857123296443,0.5,0.3333333333333333,0.0,0.0004539455922523694,0.0,1,Bagging
16,28,0.15768648127383936,0.5,0.3333333333333333,0.0,0.0004539455922523694,0.0,1,Bagging
16,29,0.15908704462616238,0.5,0.3333333333333333,0.0,0.0,0.0,1,Bagging
17,0,1.0,0.5,0.3333333333333333,0.0,0.0,0.0,1,Bagging
17,1,1.0,0.5,0.3333333333333333,0.0,0.0,0.0,1,Bagging
17,2,0.03694849428333275,0.5,0.3333333333333333,0.0,0.0,0.0,1,Bagging
17,3,1.0,0.5,0.3333333333333333,0.0,0.0,0.0,1,Bagging
17,4,1.0,0.5,0.3333333333333333,0.0,0.0,0.0,1,Bagging
17,5,1.0,0.5,0.3333333333333333,0.0,0.0,0.0,1,Bagging
17,6,1.0,0.5,0.3333333333333333,0.0,0.0,0.0,1,Bagging
17,7,1.0,0.5,0.3333333333333333,0.0,0.0,0.0,1,Bagging
17,8,1.0,0.5,0.3333333333333333,0.0,0.0,0.0,1,Bagging
17,9,1.0,0.5,0.3333333333333333,0.0,0.0,0.0,1,Bagging
17,10,0.029141044277602435,0.5,0.3333333333333333,0.0,0.0,0.0,1,Bagging
17,11,1.0,0.5,0.3333333333333333,0.0,0.0,0.0,1,Bagging
17,12,1.0,0.5,0.3333333333333333,0.0,0.0,0.0,1,Bagging
17,13,1.0,0.5,0.3333333333333333,0.0,0.0,0.0,1,Bagging
17,14,1.0,0.5,0.3333333333333333,0.0,0.0,0.0,1,Bagging
17,15,1.0,0.5,0.3333333333333333,0.0,0.0,0.0,1,Bagging
17,16,1.0,0.5,0.3333333333333333,0.0,0.0,0.0,1,Bagging
17,17,1.0,0.5,0.3333333333333333,0.0,0.0,0.0,1,Bagging
17,18,1.0,0.5,0.3333333333333333,0.0,0.0,0.0,1,Bagging
17,19,1.0,0.5,0.3333333333333333,0.0,0.0,0.0,1,Bagging
17,20,1.0,0.5,0.3333333333333333,0.0,0.0,0.0,1,Bagging
17,21,1.0,0.5,0.3333333333333333,0.0,0.0,0.0,1,Bagging
17,22,1.0,0.5,0.3333333333333333,0.0,0.0,0.0,1,Bagging
17,23,1.0,0.5,0.3333333333333333,0.0,0.0,0.0,1,Bagging
17,24,1.0,0.5,0.3333333333333333,0.0,0.0,0.0,1,Bagging
17,25,1.0,0.5,0.3333333333333333,0.0,0.0,0.0,1,Bagging
17,26,1.0,0.5,0.3333333333333333,0.0,0.0,0.0,1,Bagging
17,27,1.0,0.5,0.3333333333333333,0.0,0.0,0.0,1,Bagging
17,28,1.0,0.5,0.3333333333333333,0.0,0.0,0.0,1,Bagging
17,29,1.0,0.5,0.3333333333333333,0.0,0.0,0.0,1,Bagging
18,0,1.0,0.5,0.3333333333333333,0.0,0.0,0.0,1,Bagging
18,1,1.0,0.5,0.3333333333333333,0.0,0.0,0.0,1,Bagging
18,2,1.0,0.5,0.3333333333333333,0.0,0.0,0.0,1,Bagging
18,3,1.0,0.5,0.3333333333333333,0.0,0.0,0.0,1,Bagging
18,4,1.0,0.5,0.3333333333333333,0.0,0.0,0.0,1,Bagging
18,5,1.0,0.5,0.3333333333333333,0.0,0.0,0.0,1,Bagging
18,6,1.0,0.5,0.3333333333333333,0.0,0.0,0.0,1,Bagging
18,7,1.0,0.5,0.3333333333333333,0.0,0.0,0.0,1,Bagging
18,8,1.0,0.5,0.3333333333333333,0.0,0.0,0.0,1,Bagging
18,9,1.0,0.5,0.3333333333333333,0.0,0.0,0.0,1,Bagging
18,10,1.0,0.5,0.3333333333333333,0.0,0.0,0.0,1,Bagging
18,11,1.0,0.5,0.3333333333333333,0.0,0.0,0.0,1,Bagging
18,12,1.0,0.5,0.3333333333333333,0.0,0.0,0.0,1,Bagging
18,13,1.0,0.5,0.3333333333333333,0.0,0.0,0.0,1,Bagging
18,14,1.0,0.5,0.3333333333333333,0.0,0.0,0.0,1,Bagging
18,15,1.0,0.5,0.3333333333333333,0.0,0.0,0.0,1,Bagging
18,16,1.0,0.5,0.3333333333333333,0.0,0.0,0.0,1,Bagging
18,17,1.0,0.5,0.3333333333333333,0.0,0.0,0.0,1,Bagging
18,18,1.0,0.5,0.3333333333333333,0.0,0.0,0.0,1,Bagging
18,19,1.0,0.5,0.3333333333333333,0.0,0.0,0.0,1,Bagging
18,20,1.0,0.5,0.3333333333333333,0.0,0.0,0.0,1,Bagging
18,21,1.0,0.5,0.3333333333333333,0.0,0.0,0.0,1,Bagging
18,22,1.0,0.5,0.3333333333333333,0.0,0.0,0.0,1,Bagging
18,23,1.0,0.5,0.3333333333333333,0.0,0.0,0.0,1,Bagging
18,24,1.0,0.5,0.3333333333333333,0.0,0.0,0.0,1,Bagging
18,25,1.0,0.5,0.3333333333333333,0.0,0.0,0.0,1,Bagging
18,26,1.0,0.5,0.3333333333333333,0.0,0.0,0.0,1,Bagging
18,27,1.0,0.5,0.3333333333333333,0.0,0.0,0.0,1,Bagging
18,28,1.0,0.5,0.3333333333333333,0.0,0.0,0.0,1,Bagging
18,29,1.0,0.5,0.3333333333333333,0.0,0.0,0.0,1,Bagging
19,0,1.0,0.5,0.3333333333333333,0.0,0.0,0.0,1,Bagging
19,1,1.0,0.5,0.3333333333333333,0.0,0.0,0.0,1,Bagging
19,2,1.0,0.5,0.3333333333333333,0.0,0.0,0.0,1,Bagging
19,3,1.0,0.5,0.3333333333333333,0.0,0.0,0.0,1,Bagging
19,4,1.0,0.5,0.3333333333333333,0.0,0.0,0.0,1,Bagging
19,5,1.0,0.5,0.3333333333333333,0.0,0.0,0.0,1,Bagging
19,6,1.0,0.5,0.3333333333333333,0.0,0.0,0.0,1,Bagging
19,7,1.0,0.5,0.3333333333333333,0.0,0.0,0.0,1,Bagging
19,8,1.0,0.5,0.3333333333333333,0.0,0.0,0.0,1,Bagging
19,9,1.0,0.5,0.3333333333333333,0.0,0.0,0.0,1,Bagging
19,10,1.0,0.5,0.3333333333333333,0.0,0.0,0.0,1,Bagging
19,11,1.0,0.5,0.3333333333333333,0.0,0.0,0.0,1,Bagging
19,12,1.0,0.5,0.3333333333333333,0.0,0.0,0.0,1,Bagging
19,13,1.0,0.5,0.3333333333333333,0.0,0.0,0.0,1,Bagging
19,14,1.0,0.5,0.3333333333333333,0.0,0.0,0.0,1,Bagging
19,15,1.0,0.5,0.3333333333333333,0.0,0.0,0.0,1,Bagging
19,16,1.0,0.5,0.3333333333333333,0.0,0.0,0.0,1,Bagging
19,17,1.0,0.5,0.3333333333333333,0.0,0.0,0.0,1,Bagging
19,18,1.0,0.5,0.3333333333333333,0.0,0.0,0.0,1,Bagging
19,19,1.0,0.5,0.3333333333333333,0.0,0.0,0.0,1,Bagging
19,20,1.0,0.5,0.3333333333333333,0.0,0.0,0.0,1,Bagging
19,21,1.0,0.5,0.3333333333333333,0.0,0.0,0.0,1,Bagging
19,22,1.0,0.5,0.3333333333333333,0.0,0.0,0.0,1,Bagging
19,23,1.0,0.5,0.3333333333333333,0.0,0.0,0.0,1,Bagging
19,24,1.0,0.5,0.3333333333333333,0.0,0.0,0.0,1,Bagging
19,25,1.0,0.5,0.3333333333333333,0.0,0.0,0.0,1,Bagging
19,26,1.0,0.5,0.3333333333333333,0.0,0.0,0.0,1,Bagging
19,27,1.0,0.5,0.3333333333333333,0.0,0.0,0.0,1,Bagging
19,28,1.0,0.5,0.3333333333333333,0.0,0.0,0.0,1,Bagging
19,29,1.0,0.5,0.3333333333333333,0.0,0.0,0.0,1,Bagging
20,0,1.0,0.5,0.3333333333333333,0.0,0.0,0.0,1,Bagging
20,1,1.0,0.5,0.3333333333333333,0.0,0.0,0.0,1,Bagging
20,2,1.0,0.5,0.3333333333333333,0.0,0.0,0.0,1,Bagging
20,3,1.0,0.5,0.3333333333333333,0.0,0.0,0.0,1,Bagging
20,4,1.0,0.5,0.3333333333333333,0.0,0.0,0.0,1,Bagging
20,5,1.0,0.5,0.3333333333333333,0.0,0.0,0.0,1,Bagging
20,6,1.0,0.5,0.3333333333333333,0.0,0.0,0.0,1,Bagging
20,7,1.0,0.5,0.3333333333333333,0.0,0.0,0.0,1,Bagging
20,8,1.0,0.5,0.3333333333333333,0.0,0.0,0.0,1,Bagging
20,9,1.0,0.5,0.3333333333333333,0.0,0.0,0.0,1,Bagging
20,10,1.0,0.5,0.3333333333333333,0.0,0.0,0.0,1,Bagging
20,11,1.0,0.5,0.3333333333333333,0.0,0.0,0.0,1,Bagging
20,12,1.0,0.5,0.3333333333333333,0.0,0.0,0.0,1,Bagging
20,13,1.0,0.5,0.3333333333333333,0.0,0.0,0.0,1,Bagging
20,14,1.0,0.5,0.3333333333333333,0.0,0.0,0.0,1,Bagging
20,15,1.0,0.5,0.3333333333333333,0.0,0.0,0.0,1,Bagging
20,16,1.0,0.5,0.3333333333333333,0.0,0.0,0.0,1,Bagging
20,17,1.0,0.5,0.3333333333333333,0.0,0.0,0.0,1,Bagging
20,18,1.0,0.5,0.3333333333333333,0.0,0.0,0.0,1,Bagging
20,19,1.0,0.5,0.3333333333333333,0.0,0.0,0.0,1,Bagging
20,20,1.0,0.5,0.3333333333333333,0.0,0.0,0.0,1,Bagging
20,21,1.0,0.5,0.3333333333333333,0.0,0.0,0.0,1,Bagging
20,22,1.0,0.5,0.3333333333333333,0.0,0.0,0.0,1,Bagging
20,23,1.0,0.5,0.3333333333333333,0.0,0.0,0.0,1,Bagging
20,24,1.0,0.5,0.3333333333333333,0.0,0.0,0.0,1,Bagging
20,25,1.0,0.5,0.3333333333333333,0.0,0.0,0.0,1,Bagging
20,26,1.0,0.5,0.3333333333333333,0.0,0.0,0.0,1,Bagging
20,27,1.0,0.5,0.3333333333333333,0.0,0.0,0.0,1,Bagging
20,28,1.0,0.5,0.3333333333333333,0.0,0.0,0.0,1,Bagging
20,29,1.0,0.5,0.3333333333333333,0.0,0.0,0.0,1,Bagging
21,0,0.0929824193061945,0.5,0.3333333333333333,0.0,0.0,0.0,1,Jacket
21,1,0.09224817799585115,0.5,0.3333333333333333,0.0,0.0,0.0,1,Jacket
21,2,0.09161382345226994,0.5,0.3333333333333333,0.0,0.0,0.0,1,Jacket
21,3,0.09088212965304926,0.5,0.3333333333333333,0.0,0.0004539455922523694,0.0,1,Jacket
21,4,0.08997861232481,0.5,0.3333333333333333,0.0,0.0,0.0,1,Jacket
21,5,0.08924736588738698,0.5,0.3333333333333333,0.0,0.0,0.0,1,Jacket
21,6,0.08735121116308821,0.5,0.3333333333333333,0.0,0.0,0.0,1,Jacket
21,7,0.08985944440860412,0.5,0.3333333333333333,0.0,0.0004539455922523694,0.0,1,Jacket
21,8,0.09134350914744627,0.5,0.3333333333333333,0.0,0.0004539455922523694,0.0,1,Jacket
21,9,0.10733485693544813,0.5,0.3333333333333333,0.0,0.018700134262377006,0.0,1,Jacket
21,10,0.10567868987128536,0.5,0.3333333333333333,0.0,0.0,0.0,1,Jacket
21,11,0.10260074219056474,0.5,0.3333333333333333,0.0,0.0009078911845047388,0.0,1,Jacket
21,12,0.10109542618820795,0.5,0.3333333333333333,0.0,0.0006419760131427879,0.0,1,Jacket
21,13,0.10172433544646235,0.5,0.3333333333333333,0.0,0.0004539455922523694,0.0,1,Jacket
21,14,0.10103731686824458,0.5,0.3333333333333333,0.0,0.0,0.0,1,Jacket
21,15,0.1004953934344735,0.5,0.3333333333333333,0.0,0.0004539455922523694,0.0,1,Jacket
21,16,0.10153881146680642,0.5,0.3333333333333333,0.0,0.0004539455922523694,0.0,1,Jacket
21,17,0.10276129112740258,0.5,0.3333333333333333,0.0,0.0,0.0,1,Jacket
21,18,0.10720999419484557,0.5,0.3333333333333333,0.0,0.0004539455922523694,0.0,1,Jacket
21,19,0.11832751688802115,0.5,0.3333333333333333,0.0,0.0,0.0,1,Jacket
21,20,0.12438854736455138,0.5,0.3333333333333333,0.0,0.0,0.0,1,Jacket
21,21,0.12575603871252994,0.5,0.3333333333333333,0.0,0.0004539455922523694,0.0,1,Jacket
21,22,0.13028317582000926,0.5,0.3333333333333333,0.0,0.0004539455922523694,0.0,1,Jacket
21,23,0.1361238950508859,0.5,0.3333333333333333,0.0,0.0,0.0,1,Jacket
21,24,0.13839311448846486,0.5,0.3333333333333333,0.0,0.0004539455922523694,0.0,1,Jacket
21,25,0.13974595432692083,0.5,0.3333333333333333,0.0,0.0,0.0,1,Jacket
21,26,0.1403051758392865,0.5,0.3333333333333333,0.0,0.0,0.0,1,Jacket
21,27,0.14023025199299588,0.5,0.3333333333333333,0.0,0.0,0.0,1,Jacket
21,28,0.14023025199299588,0.5,0.3333333333333333,0.0,0.0,0.0,1,Jacket
21,29,0.1403051758392865,0.5,0.3333333333333333,0.0,0.0,0.0,1,Jacket
22,0,1.0,0.5,0.3333333333333333,0.0,0.0,0.0,1,Jacket
22,1,1.0,0.5,0.3333333333333333,0.0,0.0,0.0,1,Jacket
22,2,1.0,0.5,0.3333333333333333,0.0,0.0,0.0,1,Jacket
22,3,1.0,0.5,0.3333333333333333,0.0,0.0,0.0,1,Jacket
22,4,1.0,0.5,0.3333333333333333,0.0,0.0,0.0,1,Jacket
22,5,1.0,0.5,0.3333333333333333,0.0,0.0,0.0,1,Jacket
22,6,1.0,0.5,0.3333333333333333,0.0,0.0,0.0,1,Jacket
22,7,1.0,0.5,0.3333333333333333,0.0,0.0,0.0,1,Jacket
22,8,1.0,0.5,0.3333333333333333,0.0,0.0,0.0,1,Jacket
22,9,1.0,0.5,0.3333333333333333,0.0,0.0,0.0,1,Jacket
22,10,1.0,0.5,0.3333333333333333,0.0,0.0,0.0,1,Jacket
22,11,1.0,0.5,0.3333333333333333,0.0,0.0,0.0,1,Jacket
22,12,1.0,0.5,0.3333333333333333,0.0,0.0,0.0,1,Jacket
22,13,1.0,0.5,0.3333333333333333,0.0,0.0,0.0,1,Jacket
22,14,1.0,0.5,0.3333333333333333,0.0,0.0,0.0,1,Jacket
22,15,1.0,0.5,0.3333333333333333,0.0,0.0,0.0,1,Jacket
22,16,1.0,0.5,0.3333333333333333,0.0,0.0,0.0,1,Jacket
22,17,1.0,0.5,0.3333333333333333,0.0,0.0,0.0,1,Jacket
22,18,1.0,0.5,0.3333333333333333,0.0,0.0,0.0,1,Jacket
22,19,1.0,0.5,0.3333333333333333,0.0,0.0,0.0,1,Jacket
22,20,1.0,0.5,0.3333333333333333,0.0,0.0,0.0,1,Jacket
22,21,1.0,0.5,0.3333333333333333,0.0,0.0,0.0,1,Jacket
22,22,1.0,0.5,0.3333333333333333,0.0,0.0,0.0,1,Jacket
22,23,1.0,0.5,0.3333333333333333,0.0,0.0,0.0,1,Jacket
22,24,1.0,0.5,0.3333333333333333,0.0,0.0,0.0,1,Jacket
22,25,1.0,0.5,0.3333333333333333,0.0,0.0,0.0,1,Jacket
22,26,1.0,0.5,0.3333333333333333,0.0,0.0,0.0,1,Jacket
22,27,1.0,0.5,0.3333333333333333,0.0,0.0,0.0,1,Jacket
22,28,1.0,0.5,0.3333333333333333,0.0,0.0,0.0,1,Jacket
22,29,1.0,0.5,0.3333333333333333,0.0,0.0,0.0,1,Jacket
23,0,1.0,0.5,0.3333333333333333,0.0,0.0,0.0,1,Jacket
23,1,1.0,0.5,0.3333333333333333,0.0,0.0,0.0,1,Jacket
23,2,1.0,0.5,0.3333333333333333,0.0,0.0,0.0,1,Jacket
23,3,1.0,0.5,0.3333333333333333,0.0,0.0,0.0,1,Jacket
23,4,1.0,0.5,0.3333333333333333,0.0,0.0,0.0,1,Jacket
23,5,1.0,0.5,0.3333333333333333,0.0,0.0,0.0,1,Jacket
23,6,1.0,0.5,0.3333333333333333,0.0,0.0,0.0,1,Jacket
23,7,1.0,0.5,0.3333333333333333,0.0,0.0,0.0,1,Jacket
23,8,1.0,0.5,0.3333333333333333,0.0,0.0,0.0,1,Jacket
23,9,1.0,0.5,0.3333333333333333,0.0,0.0,0.0,1,Jacket
23,10,1.0,0.5,0.3333333333333333,0.0,0.0,0.0,1,Jacket
23,11,1.0,0.5,0.3333333333333333,0.0,0.0,0.0,1,Jacket
23,12,1.0,0.5,0.3333333333333333,0.0,0.0,0.0,1,Jacket
23,13,1.0,0.5,0.3333333333333333,0.0,0.0,0.0,1,Jacket
23,14,1.0,0.5,0.3333333333333333,0.0,0.0,0.0,1,Jacket
23,15,1.0,0.5,0.3333333333333333,0.0,0.0,0.0,1,Jacket
23,16,1.0,0.5,0.3333333333333333,0.0,0.0,0.0,1,Jacket
23,17,1.0,0.5,0.3333333333333333,0.0,0.0,0.0,1,Jacket
23,18,1.0,0.5,0.3333333333333333,0.0,0.0,0.0,1,Jacket
23,19,1.0,0.5,0.3333333333333333,0.0,0.0,0.0,1,Jacket
23,20,1.0,0.5,0.3333333333333333,0.0,0.0,0.0,1,Jacket
23,21,1.0,0.5,0.3333333333333333,0.0,0.0,0.0,1,Jacket
23,22,1.0,0.5,0.3333333333333333,0.0,0.0,0.0,1,Jacket
23,23,1.0,0.5,0.3333333333333333,0.0,0.0,0.0,1,Jacket
23,24,1.0,0.5,0.3333333333333333,0.0,0.0,0.0,1,Jacket
23,25,1.0,0.5,0.3333333333333333,0.0,0.0,0.0,1,Jacket
23,26,1.0,0.5,0.3333333333333333,0.0,0.0,0.0,1,Jacket
23,27,1.0,0.5,0.3333333333333333,0.0,0.0,0.0,1,Jacket
23,28,1.0,0.5,0.3333333333333333,0.0,0.0,0.0,1,Jacket
23,29,1.0,0.5,0.3333333333333333,0.0,0.0,0.0,1,Jacket
0,0,1.0,0.5,0.3333333333333333,0.0,0.0,0.0,0,Normal
0,1,0.07564019545942136,0.5,0.3333333333333333,0.0,0.0,0.0,0,Normal
0,2,1.0,0.5,0.3333333333333333,0.0,0.0,0.0,0,Normal
0,3,1.0,0.5,0.3333333333333333,0.0,0.0,0.0,0,Normal
0,4,1.0,0.5,0.3333333333333333,0.0,0.0,0.0,0,Normal
0,5,1.0,0.5,0.3333333333333333,0.0,0.0,0.0,0,Normal
0,6,1.0,0.5,0.3333333333333333,0.0,0.0,0.0,0,Normal
0,7,1.0,0.5,0.3333333333333333,0.0,0.0,0.0,0,Normal
0,8,1.0,0.5,0.3333333333333333,0.0,0.0,0.0,0,Normal
0,9,1.0,0.5,0.3333333333333333,0.0,0.0,0.0,0,Normal
0,10,1.0,0.5,0.3333333333333333,0.0,0.0,0.0,0,Normal
0,11,1.0,0.5,0.3333333333333333,0.0,0.0,0.0,0,Normal
0,12,1.0,0.5,0.3333333333333333,0.0,0.0,0.0,0,Normal
0,13,1.0,0.5,0.3333333333333333,0.0,0.0,0.0,0,Normal
0,14,1.0,0.5,0.3333333333333333,0.0,0.0,0.0,0,Normal
0,15,1.0,0.5,0.3333333333333333,0.0,0.0,0.0,0,Normal
0,16,0.07301895115083358,0.5,0.3333333333333333,0.0,0.0,0.0,0,Normal
0,17,1.0,0.5,0.3333333333333333,0.0,0.0,0.0,0,Normal
0,18,0.07233847702861632,0.5,0.3333333333333333,0.0,0.0,0.0,0,Normal
0,19,0.07189701439695195,0.5,0.3333333333333333,0.0,0.0,0.0,0,Normal
0,20,0.069692107007154,0.5,0.3333333333333333,0.0,0.0,0.0,0,Normal
0,21,0.06298566660093806,0.5,0.3333333333333333,0.0,0.0004539455922523694,0.0,0,Normal
0,22,0.0563075547219048,0.5,0.3333333333333333,0.0,0.0009078911845047388,0.0,0,Normal
0,23,0.04966919914679462,0.5,0.3333333333333333,0.0,0.0013618367767571082,0.0,0,Normal
0,24,0.04580353765796735,0.5,0.3333333333333333,0.0,0.0004539455922523694,0.0,0,Normal
0,25,1.0,0.5,0.3333333333333333,0.0,0.0,0.0,0,Normal
0,26,1.0,0.5,0.3333333333333333,0.0,0.0,0.0,0,Normal
0,27,1.0,0.5,0.3333333333333333,0.0,0.0,0.0,0,Normal
0,28,1.0,0.5,0.3333333333333333,0.0,0.0,0.0,0,Normal
0,29,1.0,0.5,0.3333333333333333,0.0,0.0,0.0,0,Normal
1,0,1.0,0.5,0.3333333333333333,0.0,0.0,0.0,0,Normal
1,1,1.0,0.5,0.3333333333333333,0.0,0.0,0.0,0,Normal
1,2,1.0,0.5,0.3333333333333333,0.0,0.0,0.0,0,Normal
1,3,1.0,0.5,0.3333333333333333,0.0,0.0,0.0,0,Normal
1,4,1.0,0.5,0.3333333333333333,0.0,0.0,0.0,0,Normal
1,5,1.0,0.5,0.3333333333333333,0.0,0.0,0.0,0,Normal
1,6,1.0,0.5,0.3333333333333333,0.0,0.0,0.0,0,Normal
1,7,1.0,0.5,0.3333333333333333,0.0,0.0,0.0,0,Normal
1,8,1.0,0.5,0.3333333333333333,0.0,0.0,0.0,0,Normal
1,9,1.0,0.5,0.3333333333333333,0.0,0.0,0.0,0,Normal
1,10,1.0,0.5,0.3333333333333333,0.0,0.0,0.0,0,Normal
1,11,1.0,0.5,0.3333333333333333,0.0,0.0,0.0,0,Normal
1,12,1.0,0.5,0.3333333333333333,0.0,0.0,0.0,0,Normal
1,13,0.07401540772220029,0.5,0.3333333333333333,0.0,0.0,0.0,0,Normal
1,14,0.07544242514682498,0.5,0.3333333333333333,0.0,0.0004539455922523694,0.0,0,Normal
1,15,0.07544242514682498,0.5,0.3333333333333333,0.0,0.0006419760131427879,0.0,0,Normal
1,16,0.07550522217481156,0.5,0.3333333333333333,0.0,0.0009078911845047388,0.0,0,Normal
1,17,0.07544242514682498,0.5,0.3333333333333333,0.0,0.0010150532023626999,0.0,0,Normal
1,18,0.07422808612778944,0.5,0.3333333333333333,0.0,0.0013618367767571082,0.0,0,Normal
1,19,0.07400566271629808,0.5,0.3333333333333333,0.0,0.002269727961261847,0.0,0,Normal
1,20,0.07130559098904794,0.5,0.3333333333333333,0.0,0.0,0.0,0,Normal
1,21,0.06455770286859884,0.5,0.3333333333333333,0.0,0.0,0.0,0,Normal
1,22,0.06033379237055621,0.5,0.3333333333333333,0.0,0.0004539455922523694,0.0,0,Normal
1,23,0.05644462519863787,0.5,0.3333333333333333,0.0,0.0004539455922523694,0.0,0,Normal
1,24,0.058472703368623896,0.5,0.3333333333333333,0.0,0.0004539455922523694,0.0,0,Normal
1,25,0.06062001064611623,0.5,0.3333333333333333,0.0,0.0004539455922523694,0.0,0,Normal
1,26,0.06306577091101057,0.5,0.3333333333333333,0.0,0.0,0.0,0,Normal
1,27,0.06545952104532252,0.5,0.3333333333333333,0.0,0.0,0.0,0,Normal
1,28,0.06848563279338077,0.5,0.3333333333333333,0.0,0.0,0.0,0,Normal
1,29,0.07209021896411079,0.5,0.3333333333333333,0.0,0.0,0.0,0,Normal
2,0,1.0,0.5,0.3333333333333333,0.0,0.0,0.0,0,Normal
2,1,1.0,0.5,0.3333333333333333,0.0,0.0,0.0,0,Normal
2,2,1.0,0.5,0.3333333333333333,0.0,0.0,0.0,0,Normal
2,3,1.0,0.5,0.3333333333333333,0.0,0.0,0.0,0,Normal
2,4,1.0,0.5,0.3333333333333333,0.0,0.0,0.0,0,Normal
2,5,1.0,0.5,0.3333333333333333,0.0,0.0,0.0,0,Normal
2,6,1.0,0.5,0.3333333333333333,0.0,0.0,0.0,0,Normal
2,7,1.0,0.5,0.3333333333333333,0.0,0.0,0.0,0,Normal
2,8,1.0,0.5,0.3333333333333333,0.0,0.0,0.0,0,Normal
2,9,1.0,0.5,0.3333333333333333,0.0,0.0,0.0,0,Normal
2,10,1.0,0.5,0.3333333333333333,0.0,0.0,0.0,0,Normal
2,11,0.021958958210655834,0.5,0.3333333333333333,0.0,0.0,0.0,0,Normal
2,12,1.0,0.5,0.3333333333333333,0.0,0.0,0.0,0,Normal
2,13,0.05365974852657602,0.5,0.3333333333333333,0.0,0.0,0.0,0,Normal
2,14,1.0,0.5,0.3333333333333333,0.0,0.0,0.0,0,Normal
2,15,1.0,0.5,0.3333333333333333,0.0,0.0,0.0,0,Normal
2,16,1.0,0.5,0.3333333333333333,0.0,0.0,0.0,0,Normal
2,17,1.0,0.5,0.3333333333333333,0.0,0.0,0.0,0,Normal
2,18,1.0,0.5,0.3333333333333333,0.0,0.0,0.0,0,Normal
2,19,1.0,0.5,0.3333333333333333,0.0,0.0,0.0,0,Normal
2,20,1.0,0.5,0.3333333333333333,0.0,0.0,0.0,0,Normal
2,21,1.0,0.5,0.3333333333333333,0.0,0.0,0.0,0,Normal
2,22,0.024076240317799247,0.5,0.3333333333333333,0.0,0.0,0.0,0,Normal
2,23,0.03634117284910872,0.5,0.3333333333333333,0.0,0.016062234717128986,0.0,0,Normal
2,24,1.0,0.5,0.3333333333333333,0.0,0.0,0.0,0,Normal
2,25,0.03549204319610371,0.5,0.3333333333333333,0.0,0.0,0.0,0,Normal
2,26,0.035758121560015205,0.5,0.3333333333333333,0.0,0.0004539455922523694,0.0,0,Normal
2,27,0.035758121560015205,0.5,0.3333333333333333,0.0,0.0004539455922523694,0.0,0,Normal
2,28,0.034906615563371664,0.5,0.3333333333333333,0.0,0.0009078911845047388,0.0,0,Normal
2,29,0.034906615563371664,0.5,0.3333333333333333,0.0,0.0,0.0,0,Normal
3,0,1.0,0.5,0.3333333333333333,0.0,0.0,0.0,0,Normal
3,1,1.0,0.5,0.3333333333333333,0.0,0.0,0.0,0,Normal
3,2,1.0,0.5,0.3333333333333333,0.0,0.0,0.0,0,Normal
3,3,1.0,0.5,0.3333333333333333,0.0,0.0,0.0,0,Normal
3,4,1.0,0.5,0.3333333333333333,0.0,0.0,0.0,0,Normal
3,5,1.0,0.5,0.3333333333333333,0.0,0.0,0.0,0,Normal
3,6,1.0,0.5,0.3333333333333333,0.0,0.0,0.0,0,Normal
3,7,1.0,0.5,0.3333333333333333,0.0,0.0,0.0,0,Normal
3,8,1.0,0.5,0.3333333333333333,0.0,0.0,0.0,0,Normal
3,9,1.0,0.5,0.3333333333333333,0.0,0.0,0.0,0,Normal
3,10,1.0,0.5,0.3333333333333333,0.0,0.0,0.0,0,Normal
3,11,1.0,0.5,0.3333333333333333,0.0,0.0,0.0,0,Normal
3,12,1.0,0.5,0.3333333333333333,0.0,0.0,0.0,0,Normal
3,13,1.0,0.5,0.3333333333333333,0.0,0.0,0.0,0,Normal
3,14,1.0,0.5,0.3333333333333333,0.0,0.0,0.0,0,Normal
3,15,1.0,0.5,0.3333333333333333,0.0,0.0,0.0,0,Normal
3,16,1.0,0.5,0.3333333333333333,0.0,0.0,0.0,0,Normal
3,17,1.0,0.5,0.3333333333333333,0.0,0.0,0.0,0,Normal
3,18,1.0,0.5,0.3333333333333333,0.0,0.0,0.0,0,Normal
3,19,1.0,0.5,0.3333333333333333,0.0,0.0,0.0,0,Normal
3,20,1.0,0.5,0.3333333333333333,0.0,0.0,0.0,0,Normal
3,21,1.0,0.5,0.3333333333333333,0.0,0.0,0.0,0,Normal
3,22,1.0,0.5,0.3333333333333333,0.0,0.0,0.0,0,Normal
3,23,1.0,0.5,0.3333333333333333,0.0,0.0,0.0,0,Normal
3,24,1.0,0.5,0.3333333333333333,0.0,0.0,0.0,0,Normal
3,25,0.07718810547469197,0.5,0.3333333333333333,0.0,0.0,0.0,0,Normal
3,26,0.08744198773995407,0.5,0.3333333333333333,0.0,0.011348639806309235,0.0,0,Normal
3,27,1.0,0.5,0.3333333333333333,0.0,0.0,0.0,0,Normal
3,28,1.0,0.5,0.3333333333333333,0.0,0.0,0.0,0,Normal
3,29,1.0,0.5,0.3333333333333333,0.0,0.0,0.0,0,Normal
4,0,0.09009876619007949,0.5,0.3333333333333333,0.0,0.0010150532023626999,0.0,0,Normal
4,1,0.09180144753687068,0.5,0.3333333333333333,0.0,0.0,0.0,0,Normal
4,2,0.09485290640918548,0.5,0.3333333333333333,0.0,0.0,0.0,0,Normal
4,3,0.09664351337713613,0.5,0.3333333333333333,0.0,0.0,0.0,0,Normal
4,4,0.09619577315128126,0.5,0.3333333333333333,0.0,0.0,0.0,0,Normal
4,5,0.09619577315128126,0.5,0.3333333333333333,0.0,0.0,0.0,0,Normal
4,6,0.0956738125310173,0.5,0.3333333333333333,0.0,0.0,0.0,0,Normal
4,7,0.09574809136306735,0.5,0.3333333333333333,0.0,0.0,0.0,0,Normal
4,8,0.09574809136306735,0.5,0.3333333333333333,0.0,0.0,0.0,0,Normal
4,9,0.09574809136306735,0.5,0.3333333333333333,0.0,0.0,0.0,0,Normal
4,10,0.09530046883604125,0.5,0.3333333333333333,0.0,0.0,0.0,0,Normal
4,11,0.09530046883604125,0.5,0.3333333333333333,0.0,0.0,0.0,0,Normal
4,12,0.09485290640918548,0.5,0.3333333333333333,0.0,0.0,0.0,0,Normal
4,13,0.09492999832993362,0.5,0.3333333333333333,0.0,0.0,0.0,0,Normal
4,14,0.09492999832993362,0.5,0.3333333333333333,0.0,0.0,0.0,0,Normal
4,15,0.09492999832993362,0.5,0.3333333333333333,0.0,0.0,0.0,0,Normal
4,16,0.09492999832993362,0.5,0.3333333333333333,0.0,0.0,0.0,0,Normal
4,17,0.09500919663261105,0.5,0.3333333333333333,0.0,0.0,0.0,0,Normal
4,18,0.09500919663261105,0.5,0.3333333333333333,0.0,0.0,0.0,0,Normal
4,19,0.09456243478187325,0.5,0.3333333333333333,0.0,0.0,0.0,0,Normal
4,20,0.09456243478187325,0.5,0.3333333333333333,0.0,0.0,0.0,0,Normal
4,21,0.09456243478187325,0.5,0.3333333333333333,0.0,0.0,0.0,0,Normal
4,22,0.09411574168107777,0.5,0.3333333333333333,0.0,0.0,0.0,0,Normal
4,23,0.09099090000622749,0.5,0.3333333333333333,0.0,0.0,0.0,0,Normal
4,24,0.08644654576849777,0.5,0.3333333333333333,0.0,0.0,0.0,0,Normal
4,25,0.07958949243648557,0.5,0.3333333333333333,0.0,0.0,0.0,0,Normal
4,26,0.06352805974690291,0.5,0.3333333333333333,0.0,0.0,0.0,0,Normal
4,27,0.045505639987688196,0.5,0.3333333333333333,0.0,0.0,0.0,0,Normal
4,28,0.03296345227103487,0.5,0.3333333333333333,0.0,0.0013618367767571082,0.0,0,Normal
4,29,1.0,0.5,0.3333333333333333,0.0,0.0,0.0,0,Normal
5,0,1.0,0.5,0.3333333333333333,0.0,0.0,0.0,1,Pocketing
5,1,1.0,0.5,0.3333333333333333,0.0,0.0,0.0,1,Pocketing
5,2,1.0,0.5,0.3333333333333333,0.0,0.0,0.0,1,Pocketing
5,3,1.0,0.5,0.3333333333333333,0.0,0.0,0.0,1,Pocketing
5,4,1.0,0.5,0.3333333333333333,0.0,0.0,0.0,1,Pocketing
5,5,1.0,0.5,0.3333333333333333,0.0,0.0,0.0,1,Pocketing
5,6,1.0,0.5,0.3333333333333333,0.0,0.0,0.0,1,Pocketing
5,7,1.0,0.5,0.3333333333333333,0.0,0.0,0.0,1,Pocketing
5,8,1.0,0.5,0.3333333333333333,0.0,0.0,0.0,1,Pocketing
5,9,1.0,0.5,0.3333333333333333,0.0,0.0,0.0,1,Pocketing
5,10,1.0,0.5,0.3333333333333333,0.0,0.0,0.0,1,Pocketing
5,11,1.0,0.5,0.3333333333333333,0.0,0.0,0.0,1,Pocketing
5,12,1.0,0.5,0.3333333333333333,0.0,0.0,0.0,1,Pocketing
5,13,1.0,0.5,0.3333333333333333,0.0,0.0,0.0,1,Pocketing
5,14,1.0,0.5,0.3333333333333333,0.0,0.0,0.0,1,Pocketing
5,15,1.0,0.5,0.3333333333333333,0.0,0.0,0.0,1,Pocketing
5,16,1.0,0.5,0.3333333333333333,0.0,0.0,0.0,1,Pocketing
5,17,1.0,0.5,0.3333333333333333,0.0,0.0,0.0,1,Pocketing
5,18,1.0,0.5,0.3333333333333333,0.0,0.0,0.0,1,Pocketing
5,19,1.0,0.5,0.3333333333333333,0.0,0.0,0.0,1,Pocketing
5,20,1.0,0.5,0.3333333333333333,0.0,0.0,0.0,1,Pocketing
5,21,1.0,0.5,0.3333333333333333,0.0,0.0,0.0,1,Pocketing
5,22,1.0,0.5,0.3333333333333333,0.0,0.0,0.0,1,Pocketing
5,23,1.0,0.5,0.3333333333333333,0.0,0.0,0.0,1,Pocketing
5,24,1.0,0.5,0.3333333333333333,0.0,0.0,0.0,1,Pocketing
5,25,1.0,0.5,0.3333333333333333,0.0,0.0,0.0,1,Pocketing
5,26,1.0,0.5,0.3333333333333333,0.0,0.0,0.0,1,Pocketing
5,27,1.0,0.5,0.3333333333333333,0.0,0.0,0.0,1,Pocketing
5,28,1.0,0.5,0.3333333333333333,0.0,0.0,0.0,1,Pocketing
5,29,1.0,0.5,0.3333333333333333,0.0,0.0,0.0,1,Pocketing
6,0,1.0,0.5,0.3333333333333333,0.0,0.0,0.0,1,Pocketing
6,1,1.0,0.5,0.3333333333333333,0.0,0.0,0.0,1,Pocketing
6,2,1.0,0.5,0.3333333333333333,0.0,0.0,0.0,1,Pocketing
6,3,1.0,0.5,0.3333333333333333,0.0,0.0,0.0,1,Pocketing
6,4,1.0,0.5,0.3333333333333333,0.0,0.0,0.0,1,Pocketing
6,5,1.0,0.5,0.3333333333333333,0.0,0.0,0.0,1,Pocketing
6,6,1.0,0.5,0.3333333333333333,0.0,0.0,0.0,1,Pocketing
6,7,1.0,0.5,0.3333333333333333,0.0,0.0,0.0,1,Pocketing
6,8,1.0,0.5,0.3333333333333333,0.0,0.0,0.0,1,Pocketing
6,9,1.0,0.5,0.3333333333333333,0.0,0.0,0.0,1,Pocketing
6,10,1.0,0.5,0.3333333333333333,0.0,0.0,0.0,1,Pocketing
6,11,1.0,0.5,0.3333333333333333,0.0,0.0,0.0,1,Pocketing
6,12,1.0,0.5,0.3333333333333333,0.0,0.0,0.0,1,Pocketing
6,13,1.0,0.5,0.3333333333333333,0.0,0.0,0.0,1,Pocketing
6,14,1.0,0.5,0.3333333333333333,0.0,0.0,0.0,1,Pocketing
6,15,1.0,0.5,0.3333333333333333,0.0,0.0,0.0,1,Pocketing
6,16,1.0,0.5,0.3333333333333333,0.0,0.0,0.0,1,Pocketing
6,17,1.0,0.5,0.3333333333333333,0.0,0.0,0.0,1,Pocketing
6,18,1.0,0.5,0.3333333333333333,0.0,0.0,0.0,1,Pocketing
6,19,1.0,0.5,0.3333333333333333,0.0,0.0,0.0,1,Pocketing
6,20,1.0,0.5,0.3333333333333333,0.0,0.0,0.0,1,Pocketing
6,21,1.0,0.5,0.3333333333333333,0.0,0.0,0.0,1,Pocketing
6,22,1.0,0.5,0.3333333333333333,0.0,0.0,0.0,1,Pocketing
6,23,1.0,0.5,0.3333333333333333,0.0,0.0,0.0,1,Pocketing
6,24,1.0,0.5,0.3333333333333333,0.0,0.0,0.0,1,Pocketing
6,25,1.0,0.5,0.3333333333333333,0.0,0.0,0.0,1,Pocketing
6,26,1.0,0.5,0.3333333333333333,0.0,0.0,0.0,1,Pocketing
6,27,1.0,0.5,0.3333333333333333,0.0,0.0,0.0,1,Pocketing
6,28,1.0,0.5,0.3333333333333333,0.0,0.0,0.0,1,Pocketing
6,29,1.0,0.5,0.3333333333333333,0.0,0.0,0.0,1,Pocketing
7,0,0.07902826415140371,0.5,0.3333333333333333,0.0,0.0004539455922523694,0.0,1,Pocketing
7,1,0.07869510500405394,0.5,0.3333333333333333,0.0,0.0,0.0,1,Pocketing
7,2,0.07869510500405394,0.5,0.3333333333333333,0.0,0.0,0.0,1,Pocketing
7,3,0.07869510500405394,0.5,0.3333333333333333,0.0,0.0,0.0,1,Pocketing
7,4,0.0783631590839443,0.5,0.3333333333333333,0.0,0.0,0.0,1,Pocketing
7,5,0.07803244187409168,0.5,0.3333333333333333,0.0,0.0,0.0,1,Pocketing
7,6,0.07770296906330468,0.5,0.3333333333333333,0.0,0.0,0.0,1,Pocketing
7,7,0.07673291980972412,0.5,0.3333333333333333,0.0,0.0004539455922523694,0.0,1,Pocketing
7,8,0.07576404971888365,0.5,0.3333333333333333,0.0,0.0,0.0,1,Pocketing
7,9,0.07512216668510405,0.5,0.3333333333333333,0.0,0.0,0.0,1,Pocketing
7,10,0.07512216668510405,0.5,0.3333333333333333,0.0,0.0,0.0,1,Pocketing
7,11,0.07677050766632888,0.5,0.3333333333333333,0.0,0.0,0.0,1,Pocketing
7,12,0.07807996146553615,0.5,0.3333333333333333,0.0,0.0,0.0,1,Pocketing
7,13,0.07807996146553615,0.5,0.3333333333333333,0.0,0.0,0.0,1,Pocketing
7,14,0.07807996146553615,0.5,0.3333333333333333,0.0,0.0,0.0,1,Pocketing
7,15,0.07741203275779568,0.5,0.3333333333333333,0.0,0.0,0.0,1,Pocketing
7,16,0.0761289901772025,0.5,0.3333333333333333,0.0,0.0,0.0,1,Pocketing
7,17,0.07261426980532387,0.5,0.3333333333333333,0.0,0.0,0.0,1,Pocketing
7,18,0.07035570919281348,0.5,0.3333333333333333,0.0,0.0,0.0,1,Pocketing
7,19,0.07035570919281348,0.5,0.3333333333333333,0.0,0.0,0.0,1,Pocketing
7,20,0.07035570919281348,0.5,0.3333333333333333,0.0,0.0,0.0,1,Pocketing
7,21,0.07069027562253415,0.5,0.3333333333333333,0.0,0.0,0.0,1,Pocketing
7,22,0.06904898942767031,0.5,0.3333333333333333,0.0,0.0,0.0,1,Pocketing
7,23,0.0674105383393095,0.5,0.3333333333333333,0.0,0.0,0.0,1,Pocketing
7,24,0.06772923001737961,0.5,0.3333333333333333,0.0,0.0,0.0,1,Pocketing
7,25,0.06709340424248399,0.5,0.3333333333333333,0.0,0.0,0.0,1,Pocketing
7,26,0.0677353147564106,0.5,0.3333333333333333,0.0,0.0,0.0,1,Pocketing
7,27,0.06934529684504114,0.5,0.3333333333333333,0.0,0.0,0.0,1,Pocketing
7,28,0.07166735674684437,0.5,0.3333333333333333,0.0,0.0,0.0,1,Pocketing
7,29,0.07422808612778944,0.5,0.3333333333333333,0.0,0.0,0.0,1,Pocketing
8,0,1.0,0.5,0.3333333333333333,0.0,0.0,0.0,1,Pocketing
8,1,1.0,0.5,0.3333333333333333,0.0,0.0,0.0,1,Pocketing
8,2,1.0,0.5,0.3333333333333333,0.0,0.0,0.0,1,Pocketing
8,3,1.0,0.5,0.3333333333333333,0.0,0.0,0.0,1,Pocketing
8,4,1.0,0.5,0.3333333333333333,0.0,0.0,0.0,1,Pocketing
8,5,1.0,0.5,0.3333333333333333,0.0,0.0,0.0,1,Pocketing
8,6,1.0,0.5,0.3333333333333333,0.0,0.0,0.0,1,Pocketing
8,7,1.0,0.5,0.3333333333333333,0.0,0.0,0.0,1,Pocketing
8,8,1.0,0.5,0.3333333333333333,0.0,0.0,0.0,1,Pocketing
8,9,1.0,0.5,0.3333333333333333,0.0,0.0,0.0,1,Pocketing
8,10,1.0,0.5,0.3333333333333333,0.0,0.0,0.0,1,Pocketing
8,11,1.0,0.5,0.3333333333333333,0.0,0.0,0.0,1,Pocketing
8,12,1.0,0.5,0.3333333333333333,0.0,0.0,0.0,1,Pocketing
8,13,1.0,0.5,0.3333333333333333,0.0,0.0,0.0,1,Pocketing
8,14,1.0,0.5,0.3333333333333333,0.0,0.0,0.0,1,Pocketing
8,15,1.0,0.5,0.3333333333333333,0.0,0.0,0.0,1,Pocketing
8,16,1.0,0.5,0.3333333333333333,0.0,0.0,0.0,1,Pocketing
8,17,1.0,0.5,0.3333333333333333,0.0,0.0,0.0,1,Pocketing
8,18,1.0,0.5,0.3333333333333333,0.0,0.0,0.0,1,Pocketing
8,19,1.0,0.5,0.3333333333333333,0.0,0.0,0.0,1,Pocketing
8,20,1.0,0.5,0.3333333333333333,0.0,0.0,0.0,1,Pocketing
8,21,1.0,0.5,0.3333333333333333,0.0,0.0,0.0,1,Pocketing
8,22,1.0,0.5,0.3333333333333333,0.0,0.0,0.0,1,Pocketing
8,23,1.0,0.5,0.3333333333333333,0.0,0.0,0.0,1,Pocketing
8,24,1.0,0.5,0.3333333333333333,0.0,0.0,0.0,1,Pocketing
8,25,1.0,0.5,0.3333333333333333,0.0,0.0,0.0,1,Pocketing
8,26,1.0,0.5,0.3333333333333333,0.0,0.0,0.0,1,Pocketing
8,27,1.0,0.5,0.3333333333333333,0.0,0.0,0.0,1,Pocketing
8,28,1.0,0.5,0.3333333333333333,0.0,0.0,0.0,1,Pocketing
8,29,1.0,0.5,0.3333333333333333,0.0,0.0,0.0,1,Pocketing
9,0,1.0,0.5,0.3333333333333333,0.0,0.0,0.0,1,Pocketing
9,1,1.0,0.5,0.3333333333333333,0.0,0.0,0.0,1,Pocketing
9,2,1.0,0.5,0.3333333333333333,0.0,0.0,0.0,1,Pocketing
9,3,1.0,0.5,0.3333333333333333,0.0,0.0,0.0,1,Pocketing
9,4,1.0,0.5,0.3333333333333333,0.0,0.0,0.0,1,Pocketing
9,5,1.0,0.5,0.3333333333333333,0.0,0.0,0.0,1,Pocketing
9,6,1.0,0.5,0.3333333333333333,0.0,0.0,0.0,1,Pocketing
9,7,1.0,0.5,0.3333333333333333,0.0,0.0,0.0,1,Pocketing
9,8,1.0,0.5,0.3333333333333333,0.0,0.0,0.0,1,Pocketing
9,9,1.0,0.5,0.3333333333333333,0.0,0.0,0.0,1,Pocketing
9,10,1.0,0.5,0.3333333333333333,0.0,0.0,0.0,1,Pocketing
9,11,1.0,0.5,0.3333333333333333,0.0,0.0,0.0,1,Pocketing
9,12,1.0,0.5,0.3333333333333333,0.0,0.0,0.0,1,Pocketing
9,13,1.0,0.5,0.3333333333333333,0.0,0.0,0.0,1,Pocketing
9,14,1.0,0.5,0.3333333333333333,0.0,0.0,0.0,1,Pocketing
9,15,1.0,0.5,0.3333333333333333,0.0,0.0,0.0,1,Pocketing
9,16,1.0,0.5,0.3333333333333333,0.0,0.0,0.0,1,Pocketing
9,17,1.0,0.5,0.3333333333333333,0.0,0.0,0.0,1,Pocketing
9,18,1.0,0.5,0.3333333333333333,0.0,0.0,0.0,1,Pocketing
9,19,1.0,0.5,0.3333333333333333,0.0,0.0,0.0,1,Pocketing
9,20,1.0,0.5,0.3333333333333333,0.0,0.0,0.0,1,Pocketing
9,21,1.0,0.5,0.3333333333333333,0.0,0.0,0.0,1,Pocketing
9,22,1.0,0.5,0.3333333333333333,0.0,0.0,0.0,1,Pocketing
9,23,1.0,0.5,0.3333333333333333,0.0,0.0,0.0,1,Pocketing
9,24,1.0,0.5,0.3333333333333333,0.0,0.0,0.0,1,Pocketing
9,25,1.0,0.5,0.3333333333333333,0.0,0.0,0.0,1,Pocketing
9,26,1.0,0.5,0.3333333333333333,0.0,0.0,0.0,1,Pocketing
9,27,1.0,0.5,0.3333333333333333,0.0,0.0,0.0,1,Pocketing
9,28,1.0,0.5,0.3333333333333333,0.0,0.0,0.0,1,Pocketing
9,29,1.0,0.5,0.3333333333333333,0.0,0.0,0.0,1,Pocketing
10,0,1.0,0.5,0.3333333333333333,0.0,0.0,0.0,1,Bagging
10,1,1.0,0.5,0.3333333333333333,0.0,0.0,0.0,1,Bagging
10,2,1.0,0.5,0.3333333333333333,0.0,0.0,0.0,1,Bagging
10,3,1.0,0.5,0.3333333333333333,0.0,0.0,0.0,1,Bagging
10,4,1.0,0.5,0.3333333333333333,0.0,0.0,0.0,1,Bagging
10,5,1.0,0.5,0.3333333333333333,0.0,0.0,0.0,1,Bagging
10,6,1.0,0.5,0.3333333333333333,0.0,0.0,0.0,1,Bagging
10,7,1.0,0.5,0.3333333333333333,0.0,0.0,0.0,1,Bagging
10,8,1.0,0.5,0.3333333333333333,0.0,0.0,0.0,1,Bagging
10,9,1.0,0.5,0.3333333333333333,0.0,0.0,0.0,1,Bagging
10,10,1.0,0.5,0.3333333333333333,0.0,0.0,0.0,1,Bagging
10,11,1.0,0.5,0.3333333333333333,0.0,0.0,0.0,1,Bagging
10,12,1.0,0.5,0.3333333333333333,0.0,0.0,0.0,1,Bagging
10,13,1.0,0.5,0.3333333333333333,0.0,0.0,0.0,1,Bagging
10,14,1.0,0.5,0.3333333333333333,0.0,0.0,0.0,1,Bagging
10,15,1.0,0.5,0.3333333333333333,0.0,0.0,0.0,1,Bagging
10,16,1.0,0.5,0.3333333333333333,0.0,0.0,0.0,1,Bagging
10,17,1.0,0.5,0.3333333333333333,0.0,0.0,0.0,1,Bagging
10,18,1.0,0.5,0.3333333333333333,0.0,0.0,0.0,1,Bagging
10,19,1.0,0.5,0.3333333333333333,0.0,0.0,0.0,1,Bagging
10,20,1.0,0.5,0.3333333333333333,0.0,0.0,0.0,1,Bagging
10,21,1.0,0.5,0.3333333333333333,0.0,0.0,0.0,1,Bagging
10,22,1.0,0.5,0.3333333333333333,0.0,0.0,0.0,1,Bagging
10,23,1.0,0.5,0.3333333333333333,0.0,0.0,0.0,1,Bagging
10,24,1.0,0.5,0.3333333333333333,0.0,0.0,0.0,1,Bagging
10,25,1.0,0.5,0.3333333333333333,0.0,0.0,0.0,1,Bagging
10,26,1.0,0.5,0.3333333333333333,0.0,0.0,0.0,1,Bagging
10,27,1.0,0.5,0.3333333333333333,0.0,0.0,0.0,1,Bagging
10,28,1.0,0.5,0.3333333333333333,0.0,0.0,0.0,1,Bagging
10,29,1.0,0.5,0.3333333333333333,0.0,0.0,0.0,1,Bagging
11,0,0.13299908648657865,0.5,0.3333333333333333,0.0,0.0004539455922523694,0.0,1,Jacket
11,1,0.1327579387209625,0.5,0.3333333333333333,0.0,0.0004539455922523694,0.0,1,Jacket
11,2,0.12640978820189364,0.5,0.3333333333333333,0.0,0.0,0.0,1,Jacket
11,3,0.12347320109264448,0.5,0.3333333333333333,0.0,0.0004539455922523694,0.0,1,Jacket
11,4,0.12142089996740875,0.5,0.3333333333333333,0.0,0.0006419760131427879,0.0,1,Jacket
11,5,1.0,0.5,0.3333333333333333,0.0,0.0,0.0,1,Jacket
11,6,0.12080838959432094,0.5,0.3333333333333333,0.0,0.0,0.0,1,Jacket
11,7,0.12061719644317201,0.5,0.3333333333333333,0.0,0.0,0.0,1,Jacket
11,8,0.12002891452942674,0.5,0.3333333333333333,0.0,0.0004539455922523694,0.0,1,Jacket
11,9,0.12024418089826423,0.5,0.3333333333333333,0.0,0.0,0.0,1,Jacket
11,10,0.12147519586871185,0.5,0.3333333333333333,0.0,0.0004539455922523694,0.0,1,Jacket
11,11,0.125,0.5,0.3333333333333333,0.0,0.0004539455922523694,0.0,1,Jacket
11,12,0.1274746795775509,0.5,0.3333333333333333,0.0,0.0,0.0,1,Jacket
11,13,0.1289397275726981,0.5,0.3333333333333333,0.0,0.0004539455922523694,0.0,1,Jacket
11,14,0.1298570062436263,0.5,0.3333333333333333,0.0,0.0,0.0,1,Jacket
11,15,0.12907709634883469,0.5,0.3333333333333333,0.0,0.0,0.0,1,Jacket
11,16,0.128922146589737,0.5,0.3333333333333333,0.0,0.0,0.0,1,Jacket
11,17,0.13059518447873167,0.5,0.3333333333333333,0.0,0.0,0.0,1,Jacket
11,18,0.13045625507159977,0.5,0.3333333333333333,0.0,0.0,0.0,1,Jacket
11,19,0.1294310255408973,0.5,0.3333333333333333,0.0,0.0,0.0,1,Jacket
11,20,0.12775887200838382,0.5,0.3333333333333333,0.0,0.0,0.0,1,Jacket
11,21,0.12665407428687486,0.5,0.3333333333333333,0.0,0.0,0.0,1,Jacket
11,22,0.12620993715262638,0.5,0.3333333333333333,0.0,0.0,0.0,1,Jacket
11,23,0.1264806797400722,0.5,0.3333333333333333,0.0,0.0,0.0,1,Jacket
11,24,0.12738493058725103,0.5,0.3333333333333333,0.0,0.0,0.0,1,Jacket
11,25,1.0,0.5,0.3333333333333333,0.0,0.0,0.0,1,Jacket
11,26,1.0,0.5,0.3333333333333333,0.0,0.0,0.0,1,Jacket
11,27,1.0,0.5,0.3333333333333333,0.0,0.0,0.0,1,Jacket
11,28,1.0,0.5,0.3333333333333333,0.0,0.0,0.0,1,Jacket
11,29,1.0,0.5,0.3333333333333333,0.0,0.0,0.0,1,Jacket
12,0,0.11778291766649487,0.5,0.3333333333333333,0.0,0.0,0.0,1,Bagging
12,1,0.11784850736893833,0.5,0.3333333333333333,0.0,0.0004539455922523694,0.0,1,Bagging
12,2,0.11757979521441611,0.5,0.3333333333333333,0.0,0.0,0.0,1,Bagging
12,3,0.11704580192994116,0.5,0.3333333333333333,0.0,0.0,0.0,1,Bagging
12,4,0.11657920276635667,0.5,0.3333333333333333,0.0,0.0004539455922523694,0.0,1,Bagging
12,5,0.11512063799532089,0.5,0.3333333333333333,0.0,0.0004539455922523694,0.0,1,Bagging
12,6,0.11285091075409341,0.5,0.3333333333333333,0.0,0.0004539455922523694,0.0,1,Bagging
12,7,0.11034239939324125,0.5,0.3333333333333333,0.0,0.0004539455922523694,0.0,1,Bagging
12,8,0.10789972570762668,0.5,0.3333333333333333,0.0,0.0,0.0,1,Bagging
12,9,1.0,0.5,0.3333333333333333,0.0,0.0,0.0,1,Bagging
12,10,1.0,0.5,0.3333333333333333,0.0,0.0,0.0,1,Bagging
12,11,1.0,0.5,0.3333333333333333,0.0,0.0,0.0,1,Bagging
12,12,1.0,0.5,0.3333333333333333,0.0,0.0,0.0,1,Bagging
12,13,1.0,0.5,0.3333333333333333,0.0,0.0,0.0,1,Bagging
12,14,1.0,0.5,0.3333333333333333,0.0,0.0,0.0,1,Bagging
12,15,1.0,0.5,0.3333333333333333,0.0,0.0,0.0,1,Bagging
12,16,0.09784396831945501,0.5,0.3333333333333333,0.0,0.0,0.0,1,Bagging
12,17,0.09881114111762913,0.5,0.3333333333333333,0.0,0.0,0.0,1,Bagging
12,18,1.0,0.5,0.3333333333333333,0.0,0.0,0.0,1,Bagging
12,19,1.0,0.5,0.3333333333333333,0.0,0.0,0.0,1,Bagging
12,20,1.0,0.5,0.3333333333333333,0.0,0.0,0.0,1,Bagging
12,21,0.0965101567338175,0.5,0.3333333333333333,0.0,0.0,0.0,1,Bagging
12,22,0.09734460762854522,0.5,0.3333333333333333,0.0,0.0,0.0,1,Bagging
12,23,0.09963873087181574,0.5,0.3333333333333333,0.0,0.0004539455922523694,0.0,1,Bagging
12,24,0.011484016042492577,0.5,0.3333333333333333,0.0,0.11439518992975026,0.0,1,Bagging
12,25,0.10961916660920933,0.5,0.3333333333333333,0.0,0.11439518992975026,0.0,1,Bagging
12,26,0.10623684728815921,0.5,0.3333333333333333,0.0,0.0004539455922523694,0.0,1,Bagging
12,27,0.09460491884307241,0.5,0.3333333333333333,0.0,0.0,0.0,1,Bagging
12,28,0.08480403507684567,0.5,0.3333333333333333,0.0,0.0,0.0,1,Bagging
12,29,0.07916113521203462,0.5,0.3333333333333333,0.0,0.0,0.0,1,Bagging
13,0,1.0,0.5,0.3333333333333333,0.0,0.0,0.0,1,Bagging
13,1,1.0,0.5,0.3333333333333333,0.0,0.0,0.0,1,Bagging
13,2,1.0,0.5,0.3333333333333333,0.0,0.0,0.0,1,Bagging
13,3,1.0,0.5,0.3333333333333333,0.0,0.0,0.0,1,Bagging
13,4,1.0,0.5,0.3333333333333333,0.0,0.0,0.0,1,Bagging
13,5,1.0,0.5,0.3333333333333333,0.0,0.0,0.0,1,Bagging
13,6,1.0,0.5,0.3333333333333333,0.0,0.0,0.0,1,Bagging
13,7,1.0,0.5,0.3333333333333333,0.0,0.0,0.0,1,Bagging
13,8,1.0,0.5,0.3333333333333333,0.0,0.0,0.0,1,Bagging
13,9,1.0,0.5,0.3333333333333333,0.0,0.0,0.0,1,Bagging
13,10,1.0,0.5,0.3333333333333333,0.0,0.0,0.0,1,Bagging
13,11,1.0,0.5,0.3333333333333333,0.0,0.0,0.0,1,Bagging
13,12,1.0,0.5,0.3333333333333333,0.0,0.0,0.0,1,Bagging
13,13,1.0,0.5,0.3333333333333333,0.0,0.0,0.0,1,Bagging
13,14,1.0,0.5,0.3333333333333333,0.0,0.0,0.0,1,Bagging
13,15,1.0,0.5,0.3333333333333333,0.0,0.0,0.0,1,Bagging
13,16,1.0,0.5,0.3333333333333333,0.0,0.0,0.0,1,Bagging
13,17,1.0,0.5,0.3333333333333333,0.0,0.0,0.0,1,Bagging
13,18,1.0,0.5,0.3333333333333333,0.0,0.0,0.0,1,Bagging
13,19,1.0,0.5,0.3333333333333333,0.0,0.0,0.0,1,Bagging
13,20,1.0,0.5,0.3333333333333333,0.0,0.0,0.0,1,Bagging
13,21,1.0,0.5,0.3333333333333333,0.0,0.0,0.0,1,Bagging
13,22,1.0,0.5,0.3333333333333333,0.0,0.0,0.0,1,Bagging
13,23,1.0,0.5,0.3333333333333333,0.0,0.0,0.0,1,Bagging
13,24,1.0,0.5,0.3333333333333333,0.0,0.0,0.0,1,Bagging
13,25,1.0,0.5,0.3333333333333333,0.0,0.0,0.0,1,Bagging
13,26,1.0,0.5,0.3333333333333333,0.0,0.0,0.0,1,Bagging
13,27,1.0,0.5,0.3333333333333333,0.0,0.0,0.0,1,Bagging
13,28,1.0,0.5,0.3333333333333333,0.0,0.0,0.0,1,Bagging
13,29,1.0,0.5,0.3333333333333333,0.0,0.0,0.0,1,Bagging
14,0,1.0,0.5,0.3333333333333333,0.0,0.0,0.0,1,Jacket
14,1,1.0,0.5,0.3333333333333333,0.0,0.0,0.0,1,Jacket
14,2,1.0,0.5,0.3333333333333333,0.0,0.0,0.0,1,Jacket
14,3,1.0,0.5,0.3333333333333333,0.0,0.0,0.0,1,Jacket
14,4,1.0,0.5,0.3333333333333333,0.0,0.0,0.0,1,Jacket
14,5,1.0,0.5,0.3333333333333333,0.0,0.0,0.0,1,Jacket
14,6,1.0,0.5,0.3333333333333333,0.0,0.0,0.0,1,Jacket
14,7,1.0,0.5,0.3333333333333333,0.0,0.0,0.0,1,Jacket
14,8,1.0,0.5,0.3333333333333333,0.0,0.0,0.0,1,Jacket
14,9,1.0,0.5,0.3333333333333333,0.0,0.0,0.0,1,Jacket
14,10,1.0,0.5,0.3333333333333333,0.0,0.0,0.0,1,Jacket
14,11,1.0,0.5,0.3333333333333333,0.0,0.0,0.0,1,Jacket
14,12,1.0,0.5,0.3333333333333333,0.0,0.0,0.0,1,Jacket
14,13,1.0,0.5,0.3333333333333333,0.0,0.0,0.0,1,Jacket
14,14,1.0,0.5,0.3333333333333333,0.0,0.0,0.0,1,Jacket
14,15,1.0,0.5,0.3333333333333333,0.0,0.0,0.0,1,Jacket
14,16,1.0,0.5,0.3333333333333333,0.0,0.0,0.0,1,Jacket
14,17,1.0,0.5,0.3333333333333333,0.0,0.0,0.0,1,Jacket
14,18,1.0,0.5,0.3333333333333333,0.0,0.0,0.0,1,Jacket
14,19,1.0,0.5,0.3333333333333333,0.0,0.0,0.0,1,Jacket
14,20,1.0,0.5,0.3333333333333333,0.0,0.0,0.0,1,Jacket
14,21,1.0,0.5,0.3333333333333333,0.0,0.0,0.0,1,Jacket
14,22,1.0,0.5,0.3333333333333333,0.0,0.0,0.0,1,Jacket
14,23,1.0,0.5,0.3333333333333333,0.0,0.0,0.0,1,Jacket
14,24,1.0,0.5,0.3333333333333333,0.0,0.0,0.0,1,Jacket
14,25,1.0,0.5,0.3333333333333333,0.0,0.0,0.0,1,Jacket
14,26,1.0,0.5,0.3333333333333333,0.0,0.0,0.0,1,Jacket
14,27,1.0,0.5,0.3333333333333333,0.0,0.0,0.0,1,Jacket
14,28,1.0,0.5,0.3333333333333333,0.0,0.0,0.0,1,Jacket
14,29,1.0,0.5,0.3333333333333333,0.0,0.0,0.0,1,Jacket
15,0,1.0,0.5,0.3333333333333333,0.0,0.0,0.0,1,Jacket
15,1,1.0,0.5,0.3333333333333333,0.0,0.0,0.0,1,Jacket
15,2,1.0,0.5,0.3333333333333333,0.0,0.0,0.0,1,Jacket
15,3,1.0,0.5,0.3333333333333333,0.0,0.0,0.0,1,Jacket
15,4,1.0,0.5,0.3333333333333333,0.0,0.0,0.0,1,Jacket
15,5,1.0,0.5,0.3333333333333333,0.0,0.0,0.0,1,Jacket
15,6,1.0,0.5,0.3333333333333333,0.0,0.0,0.0,1,Jacket
15,7,1.0,0.5,0.3333333333333333,0.0,0.0,0.0,1,Jacket
15,8,1.0,0.5,0.3333333333333333,0.0,0.0,0.0,1,Jacket
15,9,1.0,0.5,0.3333333333333333,0.0,0.0,0.0,1,Jacket
15,10,1.0,0.5,0.3333333333333333,0.0,0.0,0.0,1,Jacket
15,11,1.0,0.5,0.3333333333333333,0.0,0.0,0.0,1,Jacket
15,12,1.0,0.5,0.3333333333333333,0.0,0.0,0.0,1,Jacket
15,13,1.0,0.5,0.3333333333333333,0.0,0.0,0.0,1,Jacket
15,14,1.0,0.5,0.3333333333333333,0.0,0.0,0.0,1,Jacket
15,15,1.0,0.5,0.3333333333333333,0.0,0.0,0.0,1,Jacket
15,16,1.0,0.5,0.3333333333333333,0.0,0.0,0.0,1,Jacket
15,17,1.0,0.5,0.3333333333333333,0.0,0.0,0.0,1,Jacket
15,18,1.0,0.5,0.3333333333333333,0.0,0.0,0.0,1,Jacket
15,19,1.0,0.5,0.3333333333333333,0.0,0.0,0.0,1,Jacket
15,20,1.0,0.5,0.3333333333333333,0.0,0.0,0.0,1,Jacket
15,21,1.0,0.5,0.3333333333333333,0.0,0.0,0.0,1,Jacket
15,22,1.0,0.5,0.3333333333333333,0.0,0.0,0.0,1,Jacket
15,23,1.0,0.5,0.3333333333333333,0.0,0.0,0.0,1,Jacket
15,24,1.0,0.5,0.3333333333333333,0.0,0.0,0.0,1,Jacket
15,25,1.0,0.5,0.3333333333333333,0.0,0.0,0.0,1,Jacket
15,26,1.0,0.5,0.3333333333333333,0.0,0.0,0.0,1,Jacket
15,27,1.0,0.5,0.3333333333333333,0.0,0.0,0.0,1,Jacket
15,28,1.0,0.5,0.3333333333333333,0.0,0.0,0.0,1,Jacket
15,29,1.0,0.5,0.3333333333333333,0.0,0.0,0.0,1,Jacket
16,0,1.0,0.5,0.3333333333333333,0.0,0.0,0.0,1,Jacket
16,1,1.0,0.5,0.3333333333333333,0.0,0.0,0.0,1,Jacket
16,2,1.0,0.5,0.3333333333333333,0.0,0.0,0.0,1,Jacket
16,3,1.0,0.5,0.3333333333333333,0.0,0.0,0.0,1,Jacket
16,4,1.0,0.5,0.3333333333333333,0.0,0.0,0.0,1,Jacket
16,5,1.0,0.5,0.3333333333333333,0.0,0.0,0.0,1,Jacket
16,6,1.0,0.5,0.3333333333333333,0.0,0.0,0.0,1,Jacket
16,7,1.0,0.5,0.3333333333333333,0.0,0.0,0.0,1,Jacket
16,8,1.0,0.5,0.3333333333333333,0.0,0.0,0.0,1,Jacket
16,9,1.0,0.5,0.3333333333333333,0.0,0.0,0.0,1,Jacket
16,10,1.0,0.5,0.3333333333333333,0.0,0.0,0.0,1,Jacket
16,11,1.0,0.5,0.3333333333333333,0.0,0.0,0.0,1,Jacket
16,12,1.0,0.5,0.3333333333333333,0.0,0.0,0.0,1,Jacket
16,13,1.0,0.5,0.3333333333333333,0.0,0.0,0.0,1,Jacket
16,14,1.0,0.5,0.3333333333333333,0.0,0.0,0.0,1,Jacket
16,15,1.0,0.5,0.3333333333333333,0.0,0.0,0.0,1,Jacket
16,16,1.0,0.5,0.3333333333333333,0.0,0.0,0.0,1,Jacket
16,17,1.0,0.5,0.3333333333333333,0.0,0.0,0.0,1,Jacket
16,18,1.0,0.5,0.3333333333333333,0.0,0.0,0.0,1,Jacket
16,19,1.0,0.5,0.3333333333333333,0.0,0.0,0.0,1,Jacket
16,20,1.0,0.5,0.3333333333333333,0.0,0.0,0.0,1,Jacket
16,21,1.0,0.5,0.3333333333333333,0.0,0.0,0.0,1,Jacket
16,22,1.0,0.5,0.3333333333333333,0.0,0.0,0.0,1,Jacket
16,23,1.0,0.5,0.3333333333333333,0.0,0.0,0.0,1,Jacket
16,24,1.0,0.5,0.3333333333333333,0.0,0.0,0.0,1,Jacket
16,25,1.0,0.5,0.3333333333333333,0.0,0.0,0.0,1,Jacket
16,26,1.0,0.5,0.3333333333333333,0.0,0.0,0.0,1,Jacket
16,27,1.0,0.5,0.3333333333333333,0.0,0.0,0.0,1,Jacket
16,28,1.0,0.5,0.3333333333333333,0.0,0.0,0.0,1,Jacket
16,29,1.0,0.5,0.3333333333333333,0.0,0.0,0.0,1,Jacket
0,0,1.0,0.5,0.3333333333333333,0.0,0.0,0.0,0,Normal
0,1,1.0,0.5,0.3333333333333333,0.0,0.0,0.0,0,Normal
0,2,1.0,0.5,0.3333333333333333,0.0,0.0,0.0,0,Normal
0,3,1.0,0.5,0.3333333333333333,0.0,0.0,0.0,0,Normal
0,4,1.0,0.5,0.3333333333333333,0.0,0.0,0.0,0,Normal
0,5,1.0,0.5,0.3333333333333333,0.0,0.0,0.0,0,Normal
0,6,1.0,0.5,0.3333333333333333,0.0,0.0,0.0,0,Normal
0,7,1.0,0.5,0.3333333333333333,0.0,0.0,0.0,0,Normal
0,8,1.0,0.5,0.3333333333333333,0.0,0.0,0.0,0,Normal
0,9,1.0,0.5,0.3333333333333333,0.0,0.0,0.0,0,Normal
0,10,1.0,0.5,0.3333333333333333,0.0,0.0,0.0,0,Normal
0,11,1.0,0.5,0.3333333333333333,0.0,0.0,0.0,0,Normal
0,12,1.0,0.5,0.3333333333333333,0.0,0.0,0.0,0,Normal
0,13,1.0,0.5,0.3333333333333333,0.0,0.0,0.0,0,Normal
0,14,1.0,0.5,0.3333333333333333,0.0,0.0,0.0,0,Normal
0,15,1.0,0.5,0.3333333333333333,0.0,0.0,0.0,0,Normal
0,16,1.0,0.5,0.3333333333333333,0.0,0.0,0.0,0,Normal
0,17,1.0,0.5,0.3333333333333333,0.0,0.0,0.0,0,Normal
0,18,1.0,0.5,0.3333333333333333,0.0,0.0,0.0,0,Normal
0,19,1.0,0.5,0.3333333333333333,0.0,0.0,0.0,0,Normal
0,20,0.12020561568771175,0.5,0.3333333333333333,0.0,0.0,0.0,0,Normal
0,21,0.12457808782859585,0.5,0.3333333333333333,0.0,0.0016367241091367864,0.0,0,Normal
0,22,0.12722468060001227,0.5,0.3333333333333333,0.0,0.001435502005311572,0.0,0,Normal
0,23,0.12607026155023976,0.5,0.3333333333333333,0.0,0.0004539455922523694,0.0,0,Normal
0,24,0.12419291041638429,0.5,0.3333333333333333,0.0,0.0006419760131427879,0.0,0,Normal
0,25,0.1215464224311141,0.5,0.3333333333333333,0.0,0.0004539455922523694,0.0,0,Normal
0,26,0.11864751898776417,0.5,0.3333333333333333,0.0,0.0004539455922523694,0.0,0,Normal
0,27,0.118188115294089,0.5,0.3333333333333333,0.0,0.0004539455922523694,0.0,0,Normal
0,28,0.11570716075129611,0.5,0.3333333333333333,0.0,0.0006419760131427879,0.0,0,Normal
0,29,0.112388898137948,0.5,0.3333333333333333,0.0,0.0013618367767571082,0.0,0,Normal
1,0,0.1341791299173393,0.5,0.3333333333333333,0.0,0.0,0.0,0,Normal
1,1,0.1341791299173393,0.5,0.3333333333333333,0.0,0.0,0.0,0,Normal
1,2,0.1348287186870413,0.5,0.3333333333333333,0.0,0.0,0.0,0,Normal
1,3,0.13515462930029087,0.5,0.3333333333333333,0.0,0.0,0.0,0,Normal
1,4,0.1354706295128212,0.5,0.3333333333333333,0.0,0.0,0.0,0,Normal
1,5,0.13578741190958216,0.5,0.3333333333333333,0.0,0.0,0.0,0,Normal
1,6,0.13674239777705618,0.5,0.3333333333333333,0.0,0.0,0.0,0,Normal
1,7,0.1367408907994138,0.5,0.3333333333333333,0.0,0.0,0.0,0,Normal
1,8,0.13674239777705618,0.5,0.3333333333333333,0.0,0.0,0.0,0,Normal
1,9,0.13674239777705618,0.5,0.3333333333333333,0.0,0.0,0.0,0,Normal
1,10,0.13610497102900565,0.5,0.3333333333333333,0.0,0.0004539455922523694,0.0,0,Normal
1,11,0.13321969068974432,0.5,0.3333333333333333,0.0,0.0004539455922523694,0.0,0,Normal
1,12,0.12969345531216206,0.5,0.3333333333333333,0.0,0.0,0.0,0,Normal
1,13,0.1277677428362205,0.5,0.3333333333333333,0.0,0.0,0.0,0,Normal
1,14,0.12488454938821877,0.5,0.3333333333333333,0.0,0.0,0.0,0,Normal
1,15,0.11621361801243316,0.5,0.3333333333333333,0.0,0.0,0.0,0,Normal
1,16,0.11362975432627344,0.5,0.3333333333333333,0.0,0.0,0.0,0,Normal
1,17,0.10914347463193248,0.5,0.3333333333333333,0.0,0.0,0.0,0,Normal
1,18,0.10498712495443659,0.5,0.3333333333333333,0.0,0.0,0.0,0,Normal
1,19,0.09985255367839259,0.5,0.3333333333333333,0.0,0.0,0.0,0,Normal
1,20,0.09891640074144065,0.5,0.3333333333333333,0.0,0.0,0.0,0,Normal
1,21,0.09609611115079167,0.5,0.3333333333333333,0.0,0.0,0.0,0,Normal
1,22,0.09108936094959935,0.5,0.3333333333333333,0.0,0.0,0.0,0,Normal
1,23,0.09025758099171192,0.5,0.3333333333333333,0.0,0.0,0.0,0,Normal
1,24,0.09153168733116819,0.5,0.3333333333333333,0.0,0.0,0.0,0,Normal
1,25,0.09859087968070357,0.5,0.3333333333333333,0.0,0.0,0.0,0,Normal
1,26,0.10480147813204445,0.5,0.3333333333333333,0.0,0.0,0.0,0,Normal
1,27,0.11080829573736906,0.5,0.3333333333333333,0.0,0.0,0.0,0,Normal
1,28,0.11434113644275236,0.5,0.3333333333333333,0.0,0.0,0.0,0,Normal
1,29,0.11695950248933144,0.5,0.3333333333333333,0.0,0.0,0.0,0,Normal
2,0,1.0,0.5,0.3333333333333333,0.0,0.0,0.0,0,Normal
2,1,1.0,0.5,0.3333333333333333,0.0,0.0,0.0,0,Normal
2,2,1.0,0.5,0.3333333333333333,0.0,0.0,0.0,0,Normal
2,3,1.0,0.5,0.3333333333333333,0.0,0.0,0.0,0,Normal
2,4,1.0,0.5,0.3333333333333333,0.0,0.0,0.0,0,Normal
2,5,1.0,0.5,0.3333333333333333,0.0,0.0,0.0,0,Normal
2,6,1.0,0.5,0.3333333333333333,0.0,0.0,0.0,0,Normal
2,7,1.0,0.5,0.3333333333333333,0.0,0.0,0.0,0,Normal
2,8,1.0,0.5,0.3333333333333333,0.0,0.0,0.0,0,Normal
2,9,1.0,0.5,0.3333333333333333,0.0,0.0,0.0,0,Normal
2,10,1.0,0.5,0.3333333333333333,0.0,0.0,0.0,0,Normal
2,11,1.0,0.5,0.3333333333333333,0.0,0.0,0.0,0,Normal
2,12,1.0,0.5,0.3333333333333333,0.0,0.0,0.0,0,Normal
2,13,1.0,0.5,0.3333333333333333,0.0,0.0,0.0,0,Normal
2,14,1.0,0.5,0.3333333333333333,0.0,0.0,0.0,0,Normal
2,15,1.0,0.5,0.3333333333333333,0.0,0.0,0.0,0,Normal
2,16,1.0,0.5,0.3333333333333333,0.0,0.0,0.0,0,Normal
2,17,1.0,0.5,0.3333333333333333,0.0,0.0,0.0,0,Normal
2,18,1.0,0.5,0.3333333333333333,0.0,0.0,0.0,0,Normal
2,19,1.0,0.5,0.3333333333333333,0.0,0.0,0.0,0,Normal
2,20,1.0,0.5,0.3333333333333333,0.0,0.0,0.0,0,Normal
2,21,1.0,0.5,0.3333333333333333,0.0,0.0,0.0,0,Normal
2,22,1.0,0.5,0.3333333333333333,0.0,0.0,0.0,0,Normal
2,23,1.0,0.5,0.3333333333333333,0.0,0.0,0.0,0,Normal
2,24,1.0,0.5,0.3333333333333333,0.0,0.0,0.0,0,Normal
2,25,1.0,0.5,0.3333333333333333,0.0,0.0,0.0,0,Normal
2,26,1.0,0.5,0.3333333333333333,0.0,0.0,0.0,0,Normal
2,27,1.0,0.5,0.3333333333333333,0.0,0.0,0.0,0,Normal
2,28,1.0,0.5,0.3333333333333333,0.0,0.0,0.0,0,Normal
2,29,1.0,0.5,0.3333333333333333,0.0,0.0,0.0,0,Normal
3,0,0.11008531595384596,0.5,0.3333333333333333,0.0,0.0,0.0,1,Pocketing
3,1,1.0,0.5,0.3333333333333333,0.0,0.0,0.0,1,Pocketing
3,2,1.0,0.5,0.3333333333333333,0.0,0.0,0.0,1,Pocketing
3,3,1.0,0.5,0.3333333333333333,0.0,0.0,0.0,1,Pocketing
3,4,1.0,0.5,0.3333333333333333,0.0,0.0,0.0,1,Pocketing
3,5,1.0,0.5,0.3333333333333333,0.0,0.0,0.0,1,Pocketing
3,6,1.0,0.5,0.3333333333333333,0.0,0.0,0.0,1,Pocketing
3,7,0.10512835010929704,0.5,0.3333333333333333,0.0,0.0,0.0,1,Pocketing
3,8,0.10512835010929704,0.5,0.3333333333333333,0.0,0.0,0.0,1,Pocketing
3,9,0.10542684814564157,0.5,0.3333333333333333,0.0,0.0,0.0,1,Pocketing
3,10,0.10596008088200451,0.5,0.3333333333333333,0.0,0.0,0.0,1,Pocketing
3,11,0.10603492758886945,0.5,0.3333333333333333,0.0,0.0004539455922523694,0.0,1,Pocketing
3,12,1.0,0.5,0.3333333333333333,0.0,0.0,0.0,1,Pocketing
3,13,1.0,0.5,0.3333333333333333,0.0,0.0,0.0,1,Pocketing
3,14,1.0,0.5,0.3333333333333333,0.0,0.0,0.0,1,Pocketing
3,15,1.0,0.5,0.3333333333333333,0.0,0.0,0.0,1,Pocketing
3,16,1.0,0.5,0.3333333333333333,0.0,0.0,0.0,1,Pocketing
3,17,1.0,0.5,0.3333333333333333,0.0,0.0,0.0,1,Pocketing
3,18,1.0,0.5,0.3333333333333333,0.0,0.0,0.0,1,Pocketing
3,19,1.0,0.5,0.3333333333333333,0.0,0.0,0.0,1,Pocketing
3,20,1.0,0.5,0.3333333333333333,0.0,0.0,0.0,1,Pocketing
3,21,1.0,0.5,0.3333333333333333,0.0,0.0,0.0,1,Pocketing
3,22,1.0,0.5,0.3333333333333333,0.0,0.0,0.0,1,Pocketing
3,23,1.0,0.5,0.3333333333333333,0.0,0.0,0.0,1,Pocketing
3,24,1.0,0.5,0.3333333333333333,0.0,0.0,0.0,1,Pocketing
3,25,1.0,0.5,0.3333333333333333,0.0,0.0,0.0,1,Pocketing
3,26,1.0,0.5,0.3333333333333333,0.0,0.0,0.0,1,Pocketing
3,27,1.0,0.5,0.3333333333333333,0.0,0.0,0.0,1,Pocketing
3,28,1.0,0.5,0.3333333333333333,0.0,0.0,0.0,1,Pocketing
3,29,1.0,0.5,0.3333333333333333,0.0,0.0,0.0,1,Pocketing
4,0,0.08724853177787761,0.5,0.3333333333333333,0.0,0.0004539455922523694,0.0,1,Pocketing
4,1,0.10032197588777364,0.5,0.3333333333333333,0.0,0.0006419760131427879,0.0,1,Pocketing
4,2,0.10201764423978213,0.5,0.3333333333333333,0.0,0.0004539455922523694,0.0,1,Pocketing
4,3,0.08891425721912219,0.5,0.3333333333333333,0.0,0.0004539455922523694,0.0,1,Pocketing
4,4,0.0879600852138864,0.5,0.3333333333333333,0.0,0.0,0.0,1,Pocketing
4,5,0.08380799535678984,0.5,0.3333333333333333,0.0,0.0,0.0,1,Pocketing
4,6,0.08570439885359012,0.5,0.3333333333333333,0.0,0.0,0.0,1,Pocketing
4,7,0.08861362134141881,0.5,0.3333333333333333,0.0,0.0004539455922523694,0.0,1,Pocketing
4,8,0.09180256987941866,0.5,0.3333333333333333,0.0,0.0,0.0,1,Pocketing
4,9,0.09342129703938463,0.5,0.3333333333333333,0.0,0.0004539455922523694,0.0,1,Pocketing
4,10,0.09475726881567381,0.5,0.3333333333333333,0.0,0.0004539455922523694,0.0,1,Pocketing
4,11,0.09451012049003649,0.5,0.3333333333333333,0.0,0.0,0.0,1,Pocketing
4,12,0.08972174629004928,0.5,0.3333333333333333,0.0,0.0,0.0,1,Pocketing
4,13,0.08681880050618077,0.5,0.3333333333333333,0.0,0.0,0.0,1,Pocketing
4,14,0.08776190138842464,0.5,0.3333333333333333,0.0,0.0,0.0,1,Pocketing
4,15,0.08770083164984158,0.5,0.3333333333333333,0.0,0.0,0.0,1,Pocketing
4,16,0.08570920749405025,0.5,0.3333333333333333,0.0,0.0,0.0,1,Pocketing
4,17,0.08474083373484799,0.5,0.3333333333333333,0.0,0.0,0.0,1,Pocketing
4,18,0.08732997705739631,0.5,0.3333333333333333,0.0,0.0,0.0,1,Pocketing
4,19,0.09637340830277392,0.5,0.3333333333333333,0.0,0.0,0.0,1,Pocketing
4,20,0.09858565424650456,0.5,0.3333333333333333,0.0,0.0,0.0,1,Pocketing
4,21,0.09666056974531184,0.5,0.3333333333333333,0.0,0.0,0.0,1,Pocketing
4,22,0.09509049605417227,0.5,0.3333333333333333,0.0,0.0,0.0,1,Pocketing
4,23,0.09788397553903334,0.5,0.3333333333333333,0.0,0.0,0.0,1,Pocketing
4,24,0.09997114651327997,0.5,0.3333333333333333,0.0,0.0,0.0,1,Pocketing
4,25,0.09620434140400613,0.5,0.3333333333333333,0.0,0.0,0.0,1,Pocketing
4,26,0.09010562728586359,0.5,0.3333333333333333,0.0,0.0,0.0,1,Pocketing
4,27,0.08779946165287567,0.5,0.3333333333333333,0.0,0.0,0.0,1,Pocketing
4,28,0.08720128229198412,0.5,0.3333333333333333,0.0,0.0,0.0,1,Pocketing
4,29,0.08784169775317925,0.5,0.3333333333333333,0.0,0.0,0.0,1,Pocketing
5,0,1.0,0.5,0.3333333333333333,0.0,0.0,0.0,1,Pocketing
5,1,0.09997114651327997,0.5,0.3333333333333333,0.0,0.0,0.0,1,Pocketing
5,2,0.09847271718772162,0.5,0.3333333333333333,0.0,0.0,0.0,1,Pocketing
5,3,1.0,0.5,0.3333333333333333,0.0,0.0,0.0,1,Pocketing
5,4,0.10783381757283299,0.5,0.3333333333333333,0.0,0.0,0.0,1,Pocketing
5,5,0.0975095842677456,0.5,0.3333333333333333,0.0,0.014653374968102718,0.0,1,Pocketing
5,6,1.0,0.5,0.3333333333333333,0.0,0.0,0.0,1,Pocketing
5,7,0.10388314531234993,0.5,0.3333333333333333,0.0,0.0,0.0,1,Pocketing
5,8,0.10613496468483655,0.5,0.3333333333333333,0.0,0.0,0.0,1,Pocketing
5,9,0.1071484698575411,0.5,0.3333333333333333,0.0,0.0,0.0,1,Pocketing
5,10,0.10737420660467231,0.5,0.3333333333333333,0.0,0.0,0.0,1,Pocketing
5,11,0.10838753114335826,0.5,0.3333333333333333,0.0,0.0,0.0,1,Pocketing
5,12,0.10917556649340525,0.5,0.3333333333333333,0.0,0.0,0.0,1,Pocketing
5,13,0.1113749751841204,0.5,0.3333333333333333,0.0,0.0,0.0,1,Pocketing
5,14,0.11194798996102556,0.5,0.3333333333333333,0.0,0.0,0.0,1,Pocketing
5,15,0.112744038714885,0.5,0.3333333333333333,0.0,0.0,0.0,1,Pocketing
5,16,0.11186788932509084,0.5,0.3333333333333333,0.0,0.0,0.0,1,Pocketing
5,17,0.1100544255849539,0.5,0.3333333333333333,0.0,0.0,0.0,1,Pocketing
5,18,0.11271204875574795,0.5,0.3333333333333333,0.0,0.0,0.0,1,Pocketing
5,19,0.11785550144941268,0.5,0.3333333333333333,0.0,0.0,0.0,1,Pocketing
5,20,0.11969883352996342,0.5,0.3333333333333333,0.0,0.0,0.0,1,Pocketing
5,21,0.11928408407446903,0.5,0.3333333333333333,0.0,0.0,0.0,1,Pocketing
5,22,0.11845544750323456,0.5,0.3333333333333333,0.0,0.0,0.0,1,Pocketing
5,23,0.1178161543459125,0.5,0.3333333333333333,0.0,0.0,0.0,1,Pocketing
5,24,0.11699121172198382,0.5,0.3333333333333333,0.0,0.0,0.0,1,Pocketing
5,25,0.11657920276635667,0.5,0.3333333333333333,0.0,0.0,0.0,1,Pocketing
5,26,0.11657920276635667,0.5,0.3333333333333333,0.0,0.0,0.0,1,Pocketing
5,27,0.11191853432336697,0.5,0.3333333333333333,0.0,0.0,0.0,1,Pocketing
5,28,0.11071527331017933,0.5,0.3333333333333333,0.0,0.0,0.0,1,Pocketing
5,29,0.11071527331017933,0.5,0.3333333333333333,0.0,0.0,0.0,1,Pocketing
6,0,0.13772218508201664,0.5,0.3333333333333333,0.0,0.0,0.0,1,Bagging
6,1,0.13417452256583537,0.5,0.3333333333333333,0.0,0.0,0.0,1,Bagging
6,2,0.13193583274862394,0.5,0.3333333333333333,0.0,0.0,0.0,1,Bagging
6,3,0.13161917409625049,0.5,0.3333333333333333,0.0,0.0,0.0,1,Bagging
6,4,0.13098827979172759,0.5,0.3333333333333333,0.0,0.0,0.0,1,Bagging
6,5,0.13004808388181663,0.5,0.3333333333333333,0.0,0.0,0.0,1,Bagging
6,6,0.13070874415867673,0.5,0.3333333333333333,0.0,0.0,0.0,1,Bagging
6,7,0.13106377011388595,0.5,0.3333333333333333,0.0,0.0,0.0,1,Bagging
6,8,0.13301457941999792,0.5,0.3333333333333333,0.0,0.0006419760131427879,0.0,1,Bagging
6,9,0.12852513702519777,0.5,0.3333333333333333,0.0,0.0,0.0,1,Bagging
6,10,0.10976945086960056,0.5,0.3333333333333333,0.0,0.0,0.0,1,Bagging
6,11,0.10744039668315128,0.5,0.3333333333333333,0.0,0.0,0.0,1,Bagging
6,12,0.1060096605841087,0.5,0.3333333333333333,0.0,0.0,0.0,1,Bagging
6,13,0.10500969449539012,0.5,0.3333333333333333,0.0,0.0,0.0,1,Bagging
6,14,0.11113789654063884,0.5,0.3333333333333333,0.0,0.0,0.0,1,Bagging
6,15,0.12775322661541477,0.5,0.3333333333333333,0.0,0.0,0.0,1,Bagging
6,16,0.13051231825371043,0.5,0.3333333333333333,0.0,0.0,0.0,1,Bagging
6,17,0.11705284397326199,0.5,0.3333333333333333,0.0,0.0,0.0,1,Bagging
6,18,0.11611960192776602,0.5,0.3333333333333333,0.0,0.0,0.0,1,Bagging
6,19,0.1163916852626747,0.5,0.3333333333333333,0.0,0.0,0.0,1,Bagging
6,20,0.1163916852626747,0.5,0.3333333333333333,0.0,0.0004539455922523694,0.0,1,Bagging
6,21,0.11488052682441582,0.5,0.3333333333333333,0.0,0.0,0.0,1,Bagging
6,22,0.11662426811893095,0.5,0.3333333333333333,0.0,0.0,0.0,1,Bagging
6,23,0.11875341631818581,0.5,0.3333333333333333,0.0,0.0004539455922523694,0.0,1,Bagging
6,24,0.12467316321531575,0.5,0.3333333333333333,0.0,0.0,0.0,1,Bagging
6,25,0.12610376512212315,0.5,0.3333333333333333,0.0,0.0,0.0,1,Bagging
6,26,0.12464919452083004,0.5,0.3333333333333333,0.0,0.0,0.0,1,Bagging
6,27,0.12167520260559704,0.5,0.3333333333333333,0.0,0.0,0.0,1,Bagging
6,28,0.12165826563410553,0.5,0.3333333333333333,0.0,0.0,0.0,1,Bagging
6,29,0.12133516482134198,0.5,0.3333333333333333,0.0,0.0,0.0,1,Bagging
7,0,0.12354327574791575,0.5,0.3333333333333333,0.0,0.0,0.0,1,Bagging
7,1,0.1237216199177847,0.5,0.3333333333333333,0.0,0.0,0.0,1,Bagging
7,2,0.12328781206065584,0.5,0.3333333333333333,0.0,0.0,0.0,1,Bagging
7,3,0.12368747108923782,0.5,0.3333333333333333,0.0,0.0,0.0,1,Bagging
7,4,0.12430237241898404,0.5,0.3333333333333333,0.0,0.0,0.0,1,Bagging
7,5,0.12513428329565895,0.5,0.3333333333333333,0.0,0.0,0.0,1,Bagging
7,6,0.1270277338607553,0.5,0.3333333333333333,0.0,0.0,0.0,1,Bagging
7,7,0.1291074255520337,0.5,0.3333333333333333,0.0,0.0,0.0,1,Bagging
7,8,0.1298966720150808,0.5,0.3333333333333333,0.0,0.0,0.0,1,Bagging
7,9,0.12967359286219243,0.5,0.3333333333333333,0.0,0.0,0.0,1,Bagging
7,10,0.12967359286219243,0.5,0.3333333333333333,0.0,0.0006419760131427879,0.0,1,Bagging
7,11,0.12901162482732662,0.5,0.3333333333333333,0.0,0.0,0.0,1,Bagging
7,12,0.12759989912422232,0.5,0.3333333333333333,0.0,0.0,0.0,1,Bagging
7,13,0.12623687430340563,0.5,0.3333333333333333,0.0,0.0,0.0,1,Bagging
7,14,0.12550754197516398,0.5,0.3333333333333333,0.0,0.0,0.0,1,Bagging
7,15,0.12619769109242457,0.5,0.3333333333333333,0.0,0.0006419760131427879,0.0,1,Bagging
7,16,0.1268987020433367,0.5,0.3333333333333333,0.0,0.0,0.0,1,Bagging
7,17,0.12713475512657674,0.5,0.3333333333333333,0.0,0.0,0.0,1,Bagging
7,18,0.12636087431323073,0.5,0.3333333333333333,0.0,0.0,0.0,1,Bagging
7,19,0.12541063445243372,0.5,0.3333333333333333,0.0,0.0004539455922523694,0.0,1,Bagging
7,20,0.12539831033451396,0.5,0.3333333333333333,0.0,0.0,0.0,1,Bagging
7,21,0.12733558213663027,0.5,0.3333333333333333,0.0,0.0,0.0,1,Bagging
7,22,0.12649126931658225,0.5,0.3333333333333333,0.0,0.0,0.0,1,Bagging
7,23,0.12412071222575605,0.5,0.3333333333333333,0.0,0.0,0.0,1,Bagging
7,24,0.12412071222575605,0.5,0.3333333333333333,0.0,0.0004539455922523694,0.0,1,Bagging
7,25,0.12385396168308914,0.5,0.3333333333333333,0.0,0.0,0.0,1,Bagging
7,26,0.12512193195801985,0.5,0.3333333333333333,0.0,0.0,0.0,1,Bagging
7,27,0.1247549526855931,0.5,0.3333333333333333,0.0,0.0004539455922523694,0.0,1,Bagging
7,28,0.12448790586860349,0.5,0.3333333333333333,0.0,0.0,0.0,1,Bagging
7,29,0.12485567005496011,0.5,0.3333333333333333,0.0,0.0,0.0,1,Bagging
8,0,1.0,0.5,0.3333333333333333,0.0,0.0,0.0,1,Bagging
8,1,1.0,0.5,0.3333333333333333,0.0,0.0,0.0,1,Bagging
8,2,1.0,0.5,0.3333333333333333,0.0,0.0,0.0,1,Bagging
8,3,1.0,0.5,0.3333333333333333,0.0,0.0,0.0,1,Bagging
8,4,1.0,0.5,0.3333333333333333,0.0,0.0,0.0,1,Bagging
8,5,1.0,0.5,0.3333333333333333,0.0,0.0,0.0,1,Bagging
8,6,1.0,0.5,0.3333333333333333,0.0,0.0,0.0,1,Bagging
8,7,1.0,0.5,0.3333333333333333,0.0,0.0,0.0,1,Bagging
8,8,1.0,0.5,0.3333333333333333,0.0,0.0,0.0,1,Bagging
8,9,1.0,0.5,0.3333333333333333,0.0,0.0,0.0,1,Bagging
8,10,1.0,0.5,0.3333333333333333,0.0,0.0,0.0,1,Bagging
8,11,1.0,0.5,0.3333333333333333,0.0,0.0,0.0,1,Bagging
8,12,1.0,0.5,0.3333333333333333,0.0,0.0,0.0,1,Bagging
8,13,1.0,0.5,0.3333333333333333,0.0,0.0,0.0,1,Bagging
8,14,1.0,0.5,0.3333333333333333,0.0,0.0,0.0,1,Bagging
8,15,1.0,0.5,0.3333333333333333,0.0,0.0,0.0,1,Bagging
8,16,1.0,0.5,0.3333333333333333,0.0,0.0,0.0,1,Bagging
8,17,1.0,0.5,0.3333333333333333,0.0,0.0,0.0,1,Bagging
8,18,1.0,0.5,0.3333333333333333,0.0,0.0,0.0,1,Bagging
8,19,1.0,0.5,0.3333333333333333,0.0,0.0,0.0,1,Bagging
8,20,1.0,0.5,0.3333333333333333,0.0,0.0,0.0,1,Bagging
8,21,1.0,0.5,0.3333333333333333,0.0,0.0,0.0,1,Bagging
8,22,1.0,0.5,0.3333333333333333,0.0,0.0,0.0,1,Bagging
8,23,1.0,0.5,0.3333333333333333,0.0,0.0,0.0,1,Bagging
8,24,1.0,0.5,0.3333333333333333,0.0,0.0,0.0,1,Bagging
8,25,1.0,0.5,0.3333333333333333,0.0,0.0,0.0,1,Bagging
8,26,1.0,0.5,0.3333333333333333,0.0,0.0,0.0,1,Bagging
8,27,1.0,0.5,0.3333333333333333,0.0,0.0,0.0,1,Bagging
8,28,1.0,0.5,0.3333333333333333,0.0,0.0,0.0,1,Bagging
8,29,1.0,0.5,0.3333333333333333,0.0,0.0,0.0,1,Bagging
9,0,1.0,0.5,0.3333333333333333,0.0,0.0,0.0,1,Jacket
9,1,1.0,0.5,0.3333333333333333,0.0,0.0,0.0,1,Jacket
9,2,1.0,0.5,0.3333333333333333,0.0,0.0,0.0,1,Jacket
9,3,1.0,0.5,0.3333333333333333,0.0,0.0,0.0,1,Jacket
9,4,1.0,0.5,0.3333333333333333,0.0,0.0,0.0,1,Jacket
9,5,1.0,0.5,0.3333333333333333,0.0,0.0,0.0,1,Jacket
9,6,1.0,0.5,0.3333333333333333,0.0,0.0,0.0,1,Jacket
9,7,1.0,0.5,0.3333333333333333,0.0,0.0,0.0,1,Jacket
9,8,1.0,0.5,0.3333333333333333,0.0,0.0,0.0,1,Jacket
9,9,1.0,0.5,0.3333333333333333,0.0,0.0,0.0,1,Jacket
9,10,1.0,0.5,0.3333333333333333,0.0,0.0,0.0,1,Jacket
9,11,1.0,0.5,0.3333333333333333,0.0,0.0,0.0,1,Jacket
9,12,1.0,0.5,0.3333333333333333,0.0,0.0,0.0,1,Jacket
9,13,1.0,0.5,0.3333333333333333,0.0,0.0,0.0,1,Jacket
9,14,1.0,0.5,0.3333333333333333,0.0,0.0,0.0,1,Jacket
9,15,1.0,0.5,0.3333333333333333,0.0,0.0,0.0,1,Jacket
9,16,1.0,0.5,0.3333333333333333,0.0,0.0,0.0,1,Jacket
9,17,1.0,0.5,0.3333333333333333,0.0,0.0,0.0,1,Jacket
9,18,1.0,0.5,0.3333333333333333,0.0,0.0,0.0,1,Jacket
9,19,1.0,0.5,0.3333333333333333,0.0,0.0,0.0,1,Jacket
9,20,1.0,0.5,0.3333333333333333,0.0,0.0,0.0,1,Jacket
9,21,1.0,0.5,0.3333333333333333,0.0,0.0,0.0,1,Jacket
9,22,1.0,0.5,0.3333333333333333,0.0,0.0,0.0,1,Jacket
9,23,1.0,0.5,0.3333333333333333,0.0,0.0,0.0,1,Jacket
9,24,1.0,0.5,0.3333333333333333,0.0,0.0,0.0,1,Jacket
9,25,1.0,0.5,0.3333333333333333,0.0,0.0,0.0,1,Jacket
9,26,1.0,0.5,0.3333333333333333,0.0,0.0,0.0,1,Jacket
9,27,1.0,0.5,0.3333333333333333,0.0,0.0,0.0,1,Jacket
9,28,1.0,0.5,0.3333333333333333,0.0,0.0,0.0,1,Jacket
9,29,1.0,0.5,0.3333333333333333,0.0,0.0,0.0,1,Jacket
10,0,1.0,0.5,0.3333333333333333,0.0,0.0,0.0,1,Jacket
10,1,1.0,0.5,0.3333333333333333,0.0,0.0,0.0,1,Jacket
10,2,1.0,0.5,0.3333333333333333,0.0,0.0,0.0,1,Jacket
10,3,1.0,0.5,0.3333333333333333,0.0,0.0,0.0,1,Jacket
10,4,1.0,0.5,0.3333333333333333,0.0,0.0,0.0,1,Jacket
10,5,1.0,0.5,0.3333333333333333,0.0,0.0,0.0,1,Jacket
10,6,1.0,0.5,0.3333333333333333,0.0,0.0,0.0,1,Jacket
10,7,1.0,0.5,0.3333333333333333,0.0,0.0,0.0,1,Jacket
10,8,1.0,0.5,0.3333333333333333,0.0,0.0,0.0,1,Jacket
10,9,1.0,0.5,0.3333333333333333,0.0,0.0,0.0,1,Jacket
10,10,1.0,0.5,0.3333333333333333,0.0,0.0,0.0,1,Jacket
10,11,1.0,0.5,0.3333333333333333,0.0,0.0,0.0,1,Jacket
10,12,1.0,0.5,0.3333333333333333,0.0,0.0,0.0,1,Jacket
10,13,1.0,0.5,0.3333333333333333,0.0,0.0,0.0,1,Jacket
10,14,1.0,0.5,0.3333333333333333,0.0,0.0,0.0,1,Jacket
10,15,1.0,0.5,0.3333333333333333,0.0,0.0,0.0,1,Jacket
10,16,1.0,0.5,0.3333333333333333,0.0,0.0,0.0,1,Jacket
10,17,1.0,0.5,0.3333333333333333,0.0,0.0,0.0,1,Jacket
10,18,1.0,0.5,0.3333333333333333,0.0,0.0,0.0,1,Jacket
10,19,1.0,0.5,0.3333333333333333,0.0,0.0,0.0,1,Jacket
10,20,1.0,0.5,0.3333333333333333,0.0,0.0,0.0,1,Jacket
10,21,1.0,0.5,0.3333333333333333,0.0,0.0,0.0,1,Jacket
10,22,1.0,0.5,0.3333333333333333,0.0,0.0,0.0,1,Jacket
10,23,0.12250897408202283,0.5,0.3333333333333333,0.0,0.0,0.0,1,Jacket
10,24,1.0,0.5,0.3333333333333333,0.0,0.0,0.0,1,Jacket
10,25,1.0,0.5,0.3333333333333333,0.0,0.0,0.0,1,Jacket
10,26,1.0,0.5,0.3333333333333333,0.0,0.0,0.0,1,Jacket
10,27,1.0,0.5,0.3333333333333333,0.0,0.0,0.0,1,Jacket
10,28,1.0,0.5,0.3333333333333333,0.0,0.0,0.0,1,Jacket
10,29,1.0,0.5,0.3333333333333333,0.0,0.0,0.0,1,Jacket
11,0,1.0,0.5,0.3333333333333333,0.0,0.0,0.0,1,Jacket
11,1,1.0,0.5,0.3333333333333333,0.0,0.0,0.0,1,Jacket
11,2,1.0,0.5,0.3333333333333333,0.0,0.0,0.0,1,Jacket
11,3,1.0,0.5,0.3333333333333333,0.0,0.0,0.0,1,Jacket
11,4,1.0,0.5,0.3333333333333333,0.0,0.0,0.0,1,Jacket
11,5,1.0,0.5,0.3333333333333333,0.0,0.0,0.0,1,Jacket
11,6,1.0,0.5,0.3333333333333333,0.0,0.0,0.0,1,Jacket
11,7,1.0,0.5,0.3333333333333333,0.0,0.0,0.0,1,Jacket
11,8,1.0,0.5,0.3333333333333333,0.0,0.0,0.0,1,Jacket
11,9,1.0,0.5,0.3333333333333333,0.0,0.0,0.0,1,Jacket
11,10,1.0,0.5,0.3333333333333333,0.0,0.0,0.0,1,Jacket
11,11,1.0,0.5,0.3333333333333333,0.0,0.0,0.0,1,Jacket
11,12,1.0,0.5,0.3333333333333333,0.0,0.0,0.0,1,Jacket
11,13,1.0,0.5,0.3333333333333333,0.0,0.0,0.0,1,Jacket
11,14,1.0,0.5,0.3333333333333333,0.0,0.0,0.0,1,Jacket
11,15,1.0,0.5,0.3333333333333333,0.0,0.0,0.0,1,Jacket
11,16,1.0,0.5,0.3333333333333333,0.0,0.0,0.0,1,Jacket
11,17,1.0,0.5,0.3333333333333333,0.0,0.0,0.0,1,Jacket
11,18,1.0,0.5,0.3333333333333333,0.0,0.0,0.0,1,Jacket
11,19,1.0,0.5,0.3333333333333333,0.0,0.0,0.0,1,Jacket
11,20,1.0,0.5,0.3333333333333333,0.0,0.0,0.0,1,Jacket
11,21,1.0,0.5,0.3333333333333333,0.0,0.0,0.0,1,Jacket
11,22,1.0,0.5,0.3333333333333333,0.0,0.0,0.0,1,Jacket
11,23,1.0,0.5,0.3333333333333333,0.0,0.0,0.0,1,Jacket
11,24,1.0,0.5,0.3333333333333333,0.0,0.0,0.0,1,Jacket
11,25,1.0,0.5,0.3333333333333333,0.0,0.0,0.0,1,Jacket
11,26,1.0,0.5,0.3333333333333333,0.0,0.0,0.0,1,Jacket
11,27,1.0,0.5,0.3333333333333333,0.0,0.0,0.0,1,Jacket
11,28,1.0,0.5,0.3333333333333333,0.0,0.0,0.0,1,Jacket
11,29,1.0,0.5,0.3333333333333333,0.0,0.0,0.0,1,Jacket
